gene	start	stop	frame	contig	score	mmseqs_phrog	mmseqs_alnScore	mmseqs_seqIdentity	mmseqs_eVal	mmseqs_top_hit	pyhmmer_phrog	pyhmmer_bitscore	pyhmmer_evalue	custom_hmm_id	custom_hmm_bitscore	custom_hmm_evalue	phrog	Method	Region	color	annot	category	vfdb_hit	vfdb_alnScore	vfdb_seqIdentity	vfdb_eVal	vfdb_short_name	vfdb_description	vfdb_species	CARD_hit	CARD_alnScore	CARD_seqIdentity	CARD_eVal	CARD_species	ARO_Accession	CARD_short_name	Protein_Accession	DNA_Accession	AMR_Gene_Family	Drug_Class	Resistance_Mechanism	transl_table
NC_055062.1_CDS_0001	223	65	-	NC_055062.1	8.5	No_PHROG	No_PHROG	No_PHROG	No_PHROG	No_PHROG	No_PHROGs_HMM	No_PHROGs_HMM	No_PHROGs_HMM	No_custom_HMM	No_custom_HMM	No_custom_HMM	No_PHROG	Pyrodigal-gv_0.3.1	CDS	None	hypothetical protein	unknown function	None	None	None	None	None	None	None	None	None	None	None	None	None	None	None	None	None	None	None	11
NC_055062.1_CDS_0002	312	220	-	NC_055062.1	2.6	No_PHROG	No_PHROG	No_PHROG	No_PHROG	No_PHROG	No_PHROGs_HMM	No_PHROGs_HMM	No_PHROGs_HMM	No_custom_HMM	No_custom_HMM	No_custom_HMM	No_PHROG	Pyrodigal-gv_0.3.1	CDS	None	hypothetical protein	unknown function	None	None	None	None	None	None	None	None	None	None	None	None	None	None	None	None	None	None	None	11
NC_055062.1_CDS_0003	491	309	-	NC_055062.1	11.6	No_PHROG	No_PHROG	No_PHROG	No_PHROG	No_PHROG	No_PHROGs_HMM	No_PHROGs_HMM	No_PHROGs_HMM	No_custom_HMM	No_custom_HMM	No_custom_HMM	No_PHROG	Pyrodigal-gv_0.3.1	CDS	None	hypothetical protein	unknown function	None	None	None	None	None	None	None	None	None	None	None	None	None	None	None	None	None	None	None	11
NC_055062.1_CDS_0004	946	572	-	NC_055062.1	52.4	No_PHROG	No_PHROG	No_PHROG	No_PHROG	No_PHROG	No_PHROGs_HMM	No_PHROGs_HMM	No_PHROGs_HMM	No_custom_HMM	No_custom_HMM	No_custom_HMM	No_PHROG	Pyrodigal-gv_0.3.1	CDS	None	hypothetical protein	unknown function	None	None	None	None	None	None	None	None	None	None	None	None	None	None	None	None	None	None	None	11
NC_055062.1_CDS_0005	2603	1002	-	NC_055062.1	106.1	1907	136.0	0.231	1.363e-35	NC_001825_p5	1907	273.632599	7.115464314935288e-81	No_custom_HMM	No_custom_HMM	No_custom_HMM	1907	Pyrodigal-gv_0.3.1	CDS	#ffdf59	DNA polymerase	DNA, RNA and nucleotide metabolism	None	None	None	None	None	None	None	None	None	None	None	None	None	None	None	None	None	None	None	11
NC_055062.1_CDS_0006	3342	2635	-	NC_055062.1	42.5	No_PHROG	No_PHROG	No_PHROG	No_PHROG	No_PHROG	No_PHROGs_HMM	No_PHROGs_HMM	No_PHROGs_HMM	No_custom_HMM	No_custom_HMM	No_custom_HMM	No_PHROG	Pyrodigal-gv_0.3.1	CDS	None	hypothetical protein	unknown function	None	None	None	None	None	None	None	None	None	None	None	None	None	None	None	None	None	None	None	11
NC_055062.1_CDS_0007	3378	4130	+	NC_055062.1	91.5	No_PHROG	No_PHROG	No_PHROG	No_PHROG	No_PHROG	No_PHROGs_HMM	No_PHROGs_HMM	No_PHROGs_HMM	No_custom_HMM	No_custom_HMM	No_custom_HMM	No_PHROG	Pyrodigal-gv_0.3.1	CDS	None	hypothetical protein	unknown function	None	None	None	None	None	None	None	None	None	None	None	None	None	None	None	None	None	None	None	11
NC_055062.1_CDS_0008	4131	4631	+	NC_055062.1	22.1	2666	52.0	0.24	1.366e-10	p394408 VI_00688	2666	76.140923	4.410837534724005e-21	No_custom_HMM	No_custom_HMM	No_custom_HMM	2666	Pyrodigal-gv_0.3.1	CDS	#3e83f6	terminase large subunit	head and packaging	None	None	None	None	None	None	None	None	None	None	None	None	None	None	None	None	None	None	None	11
NC_055062.1_CDS_0009	4649	4873	+	NC_055062.1	25.8	No_PHROG	No_PHROG	No_PHROG	No_PHROG	No_PHROG	No_PHROGs_HMM	No_PHROGs_HMM	No_PHROGs_HMM	No_custom_HMM	No_custom_HMM	No_custom_HMM	No_PHROG	Pyrodigal-gv_0.3.1	CDS	None	hypothetical protein	unknown function	None	None	None	None	None	None	None	None	None	None	None	None	None	None	None	None	None	None	None	11
NC_055062.1_CDS_0010	4934	5050	+	NC_055062.1	11.5	No_PHROG	No_PHROG	No_PHROG	No_PHROG	No_PHROG	No_PHROGs_HMM	No_PHROGs_HMM	No_PHROGs_HMM	No_custom_HMM	No_custom_HMM	No_custom_HMM	No_PHROG	Pyrodigal-gv_0.3.1	CDS	None	hypothetical protein	unknown function	None	None	None	None	None	None	None	None	None	None	None	None	None	None	None	None	None	None	None	11
NC_055062.1_CDS_0011	5096	5917	+	NC_055062.1	103.7	8536	57.0	0.211	8.472e-12	p438530 VI_07702	8536	107.637802	1.1478269298496713e-30	No_custom_HMM	No_custom_HMM	No_custom_HMM	8536	Pyrodigal-gv_0.3.1	CDS	#3e83f6	major head protein	head and packaging	None	None	None	None	None	None	None	None	None	None	None	None	None	None	None	None	None	None	None	11
NC_055062.1_CDS_0012	5989	6372	+	NC_055062.1	34.0	No_PHROG	No_PHROG	No_PHROG	No_PHROG	No_PHROG	No_PHROGs_HMM	No_PHROGs_HMM	No_PHROGs_HMM	No_custom_HMM	No_custom_HMM	No_custom_HMM	No_PHROG	Pyrodigal-gv_0.3.1	CDS	None	hypothetical protein	unknown function	None	None	None	None	None	None	None	None	None	None	None	None	None	None	None	None	None	None	None	11
NC_055062.1_CDS_0013	6382	6525	+	NC_055062.1	5.5	No_PHROG	No_PHROG	No_PHROG	No_PHROG	No_PHROG	No_PHROGs_HMM	No_PHROGs_HMM	No_PHROGs_HMM	No_custom_HMM	No_custom_HMM	No_custom_HMM	No_PHROG	Pyrodigal-gv_0.3.1	CDS	None	hypothetical protein	unknown function	None	None	None	None	None	None	None	None	None	None	None	None	None	None	None	None	None	None	None	11
NC_055062.1_CDS_0014	6525	6770	+	NC_055062.1	-5.3	No_PHROG	No_PHROG	No_PHROG	No_PHROG	No_PHROG	No_PHROGs_HMM	No_PHROGs_HMM	No_PHROGs_HMM	No_custom_HMM	No_custom_HMM	No_custom_HMM	No_PHROG	Pyrodigal-gv_0.3.1	CDS	None	hypothetical protein	unknown function	None	None	None	None	None	None	None	None	None	None	None	None	None	None	None	None	None	None	None	11
NC_055062.1_CDS_0015	6767	7126	+	NC_055062.1	17.9	No_PHROG	No_PHROG	No_PHROG	No_PHROG	No_PHROG	No_PHROGs_HMM	No_PHROGs_HMM	No_PHROGs_HMM	No_custom_HMM	No_custom_HMM	No_custom_HMM	No_PHROG	Pyrodigal-gv_0.3.1	CDS	None	hypothetical protein	unknown function	None	None	None	None	None	None	None	None	None	None	None	None	None	None	None	None	None	None	None	11
NC_055062.1_CDS_0016	7126	7566	+	NC_055062.1	40.9	No_PHROG	No_PHROG	No_PHROG	No_PHROG	No_PHROG	No_PHROGs_HMM	No_PHROGs_HMM	No_PHROGs_HMM	No_custom_HMM	No_custom_HMM	No_custom_HMM	No_PHROG	Pyrodigal-gv_0.3.1	CDS	None	hypothetical protein	unknown function	None	None	None	None	None	None	None	None	None	None	None	None	None	None	None	None	None	None	None	11
NC_055062.1_CDS_0017	7588	8151	+	NC_055062.1	50.7	30212	39.0	0.358	2.681e-06	p347004 VI_00091	30212	27.374355	5.294452228295467e-06	No_custom_HMM	No_custom_HMM	No_custom_HMM	30212	Pyrodigal-gv_0.3.1	CDS	#c9c9c9	hypothetical protein	unknown function	None	None	None	None	None	None	None	None	None	None	None	None	None	None	None	None	None	None	None	11
NC_055062.1_CDS_0018	8151	9578	+	NC_055062.1	109.6	18703	230.0	0.494	5.3089999999999996e-67	NC_015719_p42	18703	234.172256	4.783204491345306e-69	No_custom_HMM	No_custom_HMM	No_custom_HMM	18703	Pyrodigal-gv_0.3.1	CDS	#07e9a2	tail fiber protein	tail	None	None	None	None	None	None	None	None	None	None	None	None	None	None	None	None	None	None	None	11
NC_055062.1_CDS_0019	9578	10045	+	NC_055062.1	36.3	873	166.0	0.651	9.041e-51	p239814 VI_06239	873	204.156036	8.942035304059277e-60	No_custom_HMM	No_custom_HMM	No_custom_HMM	873	Pyrodigal-gv_0.3.1	CDS	#3e83f6	endolysin	head and packaging	None	None	None	None	None	None	None	None	None	None	None	None	None	None	None	None	None	None	None	11
NC_055062.1_CDS_0020	10064	10222	+	NC_055062.1	7.6	402	43.0	0.487	3.057e-09	JN254801_p10	402	44.836891	1.778661362182057e-11	No_custom_HMM	No_custom_HMM	No_custom_HMM	402	Pyrodigal-gv_0.3.1	CDS	#c9c9c9	hypothetical protein	unknown function	None	None	None	None	None	None	None	None	None	None	None	None	None	None	None	None	None	None	None	11
NC_055062.1_CDS_0021	10223	10405	+	NC_055062.1	2.9	No_PHROG	No_PHROG	No_PHROG	No_PHROG	No_PHROG	No_PHROGs_HMM	No_PHROGs_HMM	No_PHROGs_HMM	No_custom_HMM	No_custom_HMM	No_custom_HMM	No_PHROG	Pyrodigal-gv_0.3.1	CDS	None	hypothetical protein	unknown function	None	None	None	None	None	None	None	None	None	None	None	None	None	None	None	None	None	None	None	11
NC_055062.1_CDS_0022	10402	10542	+	NC_055062.1	4.8	No_PHROG	No_PHROG	No_PHROG	No_PHROG	No_PHROG	No_PHROGs_HMM	No_PHROGs_HMM	No_PHROGs_HMM	No_custom_HMM	No_custom_HMM	No_custom_HMM	No_PHROG	Pyrodigal-gv_0.3.1	CDS	None	hypothetical protein	unknown function	None	None	None	None	None	None	None	None	None	None	None	None	None	None	None	None	None	None	None	11
NC_055063.1_CDS_0001	343	119	-	NC_055063.1	1.5	No_PHROG	No_PHROG	No_PHROG	No_PHROG	No_PHROG	No_PHROGs_HMM	No_PHROGs_HMM	No_PHROGs_HMM	No_custom_HMM	No_custom_HMM	No_custom_HMM	No_PHROG	Pyrodigal-gv_0.3.1	CDS	None	hypothetical protein	unknown function	None	None	None	None	None	None	None	None	None	None	None	None	None	None	None	None	None	None	None	11
NC_055063.1_CDS_0002	584	375	-	NC_055063.1	17.5	No_PHROG	No_PHROG	No_PHROG	No_PHROG	No_PHROG	No_PHROGs_HMM	No_PHROGs_HMM	No_PHROGs_HMM	No_custom_HMM	No_custom_HMM	No_custom_HMM	No_PHROG	Pyrodigal-gv_0.3.1	CDS	None	hypothetical protein	unknown function	None	None	None	None	None	None	None	None	None	None	None	None	None	None	None	None	None	None	None	11
NC_055063.1_CDS_0003	1201	587	-	NC_055063.1	75.9	3600	42.0	0.269	7.679e-08	KM612262_p41	3600	54.338406	2.1267542395063953e-14	No_custom_HMM	No_custom_HMM	No_custom_HMM	3600	Pyrodigal-gv_0.3.1	CDS	#ff59f5	antimicrobial peptide resistance and lipid A acylation protein PagP	moron, auxiliary metabolic gene and host takeover	None	None	None	None	None	None	None	None	None	None	None	None	None	None	None	None	None	None	None	11
NC_055063.1_CDS_0004	1735	1397	-	NC_055063.1	56.2	No_PHROG	No_PHROG	No_PHROG	No_PHROG	No_PHROG	No_PHROGs_HMM	No_PHROGs_HMM	No_PHROGs_HMM	No_custom_HMM	No_custom_HMM	No_custom_HMM	No_PHROG	Pyrodigal-gv_0.3.1	CDS	None	hypothetical protein	unknown function	None	None	None	None	None	None	None	None	None	None	None	None	None	None	None	None	None	None	None	11
NC_055063.1_CDS_0005	3444	1849	-	NC_055063.1	141.3	1907	121.0	0.209	5.546e-31	NC_001825_p5	1907	251.011826	5.010484607368128e-74	No_custom_HMM	No_custom_HMM	No_custom_HMM	1907	Pyrodigal-gv_0.3.1	CDS	#ffdf59	DNA polymerase	DNA, RNA and nucleotide metabolism	None	None	None	None	None	None	None	None	None	None	None	None	None	None	None	None	None	None	None	11
NC_055063.1_CDS_0006	4025	3450	-	NC_055063.1	44.5	No_PHROG	No_PHROG	No_PHROG	No_PHROG	No_PHROG	No_PHROGs_HMM	No_PHROGs_HMM	No_PHROGs_HMM	No_custom_HMM	No_custom_HMM	No_custom_HMM	No_PHROG	Pyrodigal-gv_0.3.1	CDS	None	hypothetical protein	unknown function	None	None	None	None	None	None	None	None	None	None	None	None	None	None	None	None	None	None	None	11
NC_055063.1_CDS_0007	4039	4755	+	NC_055063.1	62.6	No_PHROG	No_PHROG	No_PHROG	No_PHROG	No_PHROG	No_PHROGs_HMM	No_PHROGs_HMM	No_PHROGs_HMM	No_custom_HMM	No_custom_HMM	No_custom_HMM	No_PHROG	Pyrodigal-gv_0.3.1	CDS	None	hypothetical protein	unknown function	None	None	None	None	None	None	None	None	None	None	None	None	None	None	None	None	None	None	None	11
NC_055063.1_CDS_0008	4758	5291	+	NC_055063.1	45.8	No_PHROG	No_PHROG	No_PHROG	No_PHROG	No_PHROG	2666	52.617702	5.896479696622669e-14	No_custom_HMM	No_custom_HMM	No_custom_HMM	2666	Pyrodigal-gv_0.3.1	CDS	#3e83f6	terminase large subunit	head and packaging	None	None	None	None	None	None	None	None	None	None	None	None	None	None	None	None	None	None	None	11
NC_055063.1_CDS_0009	5288	5515	+	NC_055063.1	11.5	No_PHROG	No_PHROG	No_PHROG	No_PHROG	No_PHROG	No_PHROGs_HMM	No_PHROGs_HMM	No_PHROGs_HMM	No_custom_HMM	No_custom_HMM	No_custom_HMM	No_PHROG	Pyrodigal-gv_0.3.1	CDS	None	hypothetical protein	unknown function	None	None	None	None	None	None	None	None	None	None	None	None	None	None	None	None	None	None	None	11
NC_055063.1_CDS_0010	5752	5877	+	NC_055063.1	4.5	No_PHROG	No_PHROG	No_PHROG	No_PHROG	No_PHROG	No_PHROGs_HMM	No_PHROGs_HMM	No_PHROGs_HMM	No_custom_HMM	No_custom_HMM	No_custom_HMM	No_PHROG	Pyrodigal-gv_0.3.1	CDS	None	hypothetical protein	unknown function	None	None	None	None	None	None	None	None	None	None	None	None	None	None	None	None	None	None	None	11
NC_055063.1_CDS_0011	5933	6787	+	NC_055063.1	98.9	8536	52.0	0.265	3.692e-10	p438530 VI_07702	8536	101.063248	1.1616164230470916e-28	No_custom_HMM	No_custom_HMM	No_custom_HMM	8536	Pyrodigal-gv_0.3.1	CDS	#3e83f6	major head protein	head and packaging	None	None	None	None	None	None	None	None	None	None	None	None	None	None	None	None	None	None	None	11
NC_055063.1_CDS_0012	6857	7183	+	NC_055063.1	33.1	No_PHROG	No_PHROG	No_PHROG	No_PHROG	No_PHROG	No_PHROGs_HMM	No_PHROGs_HMM	No_PHROGs_HMM	No_custom_HMM	No_custom_HMM	No_custom_HMM	No_PHROG	Pyrodigal-gv_0.3.1	CDS	None	hypothetical protein	unknown function	None	None	None	None	None	None	None	None	None	None	None	None	None	None	None	None	None	None	None	11
NC_055063.1_CDS_0013	7193	7345	+	NC_055063.1	13.4	No_PHROG	No_PHROG	No_PHROG	No_PHROG	No_PHROG	No_PHROGs_HMM	No_PHROGs_HMM	No_PHROGs_HMM	No_custom_HMM	No_custom_HMM	No_custom_HMM	No_PHROG	Pyrodigal-gv_0.3.1	CDS	None	hypothetical protein	unknown function	None	None	None	None	None	None	None	None	None	None	None	None	None	None	None	None	None	None	None	11
NC_055063.1_CDS_0014	7373	7540	+	NC_055063.1	8.6	No_PHROG	No_PHROG	No_PHROG	No_PHROG	No_PHROG	No_PHROGs_HMM	No_PHROGs_HMM	No_PHROGs_HMM	No_custom_HMM	No_custom_HMM	No_custom_HMM	No_PHROG	Pyrodigal-gv_0.3.1	CDS	None	hypothetical protein	unknown function	None	None	None	None	None	None	None	None	None	None	None	None	None	None	None	None	None	None	None	11
NC_055063.1_CDS_0015	7542	7901	+	NC_055063.1	26.3	No_PHROG	No_PHROG	No_PHROG	No_PHROG	No_PHROG	No_PHROGs_HMM	No_PHROGs_HMM	No_PHROGs_HMM	No_custom_HMM	No_custom_HMM	No_custom_HMM	No_PHROG	Pyrodigal-gv_0.3.1	CDS	None	hypothetical protein	unknown function	None	None	None	None	None	None	None	None	None	None	None	None	None	None	None	None	None	None	None	11
NC_055063.1_CDS_0016	7898	8368	+	NC_055063.1	50.0	No_PHROG	No_PHROG	No_PHROG	No_PHROG	No_PHROG	34313	27.994423	2.7787598729942254e-06	No_custom_HMM	No_custom_HMM	No_custom_HMM	34313	Pyrodigal-gv_0.3.1	CDS	#c9c9c9	hypothetical protein	unknown function	None	None	None	None	None	None	None	None	None	None	None	None	None	None	None	None	None	None	None	11
NC_055063.1_CDS_0017	8380	8985	+	NC_055063.1	71.4	No_PHROG	No_PHROG	No_PHROG	No_PHROG	No_PHROG	No_PHROGs_HMM	No_PHROGs_HMM	No_PHROGs_HMM	No_custom_HMM	No_custom_HMM	No_custom_HMM	No_PHROG	Pyrodigal-gv_0.3.1	CDS	None	hypothetical protein	unknown function	None	None	None	None	None	None	None	None	None	None	None	None	None	None	None	None	None	None	None	11
NC_055063.1_CDS_0018	8995	9513	+	NC_055063.1	49.2	873	90.0	0.402	2.58e-24	p239814 VI_06239	873	111.58123	7.872902435990091e-32	No_custom_HMM	No_custom_HMM	No_custom_HMM	873	Pyrodigal-gv_0.3.1	CDS	#3e83f6	endolysin	head and packaging	None	None	None	None	None	None	None	None	None	None	None	None	None	None	None	None	None	None	None	11
NC_055063.1_CDS_0019	9524	9913	+	NC_055063.1	13.8	No_PHROG	No_PHROG	No_PHROG	No_PHROG	No_PHROG	No_PHROGs_HMM	No_PHROGs_HMM	No_PHROGs_HMM	No_custom_HMM	No_custom_HMM	No_custom_HMM	No_PHROG	Pyrodigal-gv_0.3.1	CDS	None	hypothetical protein	unknown function	None	None	None	None	None	None	None	None	None	None	None	None	None	None	None	None	None	None	None	11
NC_055063.1_CDS_0020	9923	10135	+	NC_055063.1	18.5	No_PHROG	No_PHROG	No_PHROG	No_PHROG	No_PHROG	No_PHROGs_HMM	No_PHROGs_HMM	No_PHROGs_HMM	No_custom_HMM	No_custom_HMM	No_custom_HMM	No_PHROG	Pyrodigal-gv_0.3.1	CDS	None	hypothetical protein	unknown function	None	None	None	None	None	None	None	None	None	None	None	None	None	None	None	None	None	None	None	11
NC_055064.1_CDS_0001	528	322	-	NC_055064.1	16.2	No_PHROG	No_PHROG	No_PHROG	No_PHROG	No_PHROG	No_PHROGs_HMM	No_PHROGs_HMM	No_PHROGs_HMM	No_custom_HMM	No_custom_HMM	No_custom_HMM	No_PHROG	Pyrodigal-gv_0.3.1	CDS	None	hypothetical protein	unknown function	None	None	None	None	None	None	None	None	None	None	None	None	None	None	None	None	None	None	None	11
NC_055064.1_CDS_0002	746	528	-	NC_055064.1	16.8	No_PHROG	No_PHROG	No_PHROG	No_PHROG	No_PHROG	No_PHROGs_HMM	No_PHROGs_HMM	No_PHROGs_HMM	No_custom_HMM	No_custom_HMM	No_custom_HMM	No_PHROG	Pyrodigal-gv_0.3.1	CDS	None	hypothetical protein	unknown function	None	None	None	None	None	None	None	None	None	None	None	None	None	None	None	None	None	None	None	11
NC_055064.1_CDS_0003	1366	749	-	NC_055064.1	64.4	3600	48.0	0.294	7.745e-10	KM612262_p41	3600	59.398651	6.129368156027024e-16	No_custom_HMM	No_custom_HMM	No_custom_HMM	3600	Pyrodigal-gv_0.3.1	CDS	#ff59f5	antimicrobial peptide resistance and lipid A acylation protein PagP	moron, auxiliary metabolic gene and host takeover	None	None	None	None	None	None	None	None	None	None	None	None	None	None	None	None	None	None	None	11
NC_055064.1_CDS_0004	1895	1563	-	NC_055064.1	53.0	No_PHROG	No_PHROG	No_PHROG	No_PHROG	No_PHROG	No_PHROGs_HMM	No_PHROGs_HMM	No_PHROGs_HMM	No_custom_HMM	No_custom_HMM	No_custom_HMM	No_PHROG	Pyrodigal-gv_0.3.1	CDS	None	hypothetical protein	unknown function	None	None	None	None	None	None	None	None	None	None	None	None	None	None	None	None	None	None	None	11
NC_055064.1_CDS_0005	3608	2004	-	NC_055064.1	118.9	1907	113.0	0.207	1.6400000000000001e-28	NC_001825_p5	1907	244.175491	5.879622465738058e-72	No_custom_HMM	No_custom_HMM	No_custom_HMM	1907	Pyrodigal-gv_0.3.1	CDS	#ffdf59	DNA polymerase	DNA, RNA and nucleotide metabolism	None	None	None	None	None	None	None	None	None	None	None	None	None	None	None	None	None	None	None	11
NC_055064.1_CDS_0006	4190	3615	-	NC_055064.1	14.7	No_PHROG	No_PHROG	No_PHROG	No_PHROG	No_PHROG	No_PHROGs_HMM	No_PHROGs_HMM	No_PHROGs_HMM	No_custom_HMM	No_custom_HMM	No_custom_HMM	No_PHROG	Pyrodigal-gv_0.3.1	CDS	None	hypothetical protein	unknown function	None	None	None	None	None	None	None	None	None	None	None	None	None	None	None	None	None	None	None	11
NC_055064.1_CDS_0007	4207	4935	+	NC_055064.1	60.6	No_PHROG	No_PHROG	No_PHROG	No_PHROG	No_PHROG	No_PHROGs_HMM	No_PHROGs_HMM	No_PHROGs_HMM	No_custom_HMM	No_custom_HMM	No_custom_HMM	No_PHROG	Pyrodigal-gv_0.3.1	CDS	None	hypothetical protein	unknown function	None	None	None	None	None	None	None	None	None	None	None	None	None	None	None	None	None	None	None	11
NC_055064.1_CDS_0008	4935	5468	+	NC_055064.1	35.4	No_PHROG	No_PHROG	No_PHROG	No_PHROG	No_PHROG	2666	60.986103	1.7198407254544297e-16	No_custom_HMM	No_custom_HMM	No_custom_HMM	2666	Pyrodigal-gv_0.3.1	CDS	#3e83f6	terminase large subunit	head and packaging	None	None	None	None	None	None	None	None	None	None	None	None	None	None	None	None	None	None	None	11
NC_055064.1_CDS_0009	5553	5804	+	NC_055064.1	38.3	No_PHROG	No_PHROG	No_PHROG	No_PHROG	No_PHROG	No_PHROGs_HMM	No_PHROGs_HMM	No_PHROGs_HMM	No_custom_HMM	No_custom_HMM	No_custom_HMM	No_PHROG	Pyrodigal-gv_0.3.1	CDS	None	hypothetical protein	unknown function	None	None	None	None	None	None	None	None	None	None	None	None	None	None	None	None	None	None	None	11
NC_055064.1_CDS_0010	6040	6165	+	NC_055064.1	5.1	No_PHROG	No_PHROG	No_PHROG	No_PHROG	No_PHROG	No_PHROGs_HMM	No_PHROGs_HMM	No_PHROGs_HMM	No_custom_HMM	No_custom_HMM	No_custom_HMM	No_PHROG	Pyrodigal-gv_0.3.1	CDS	None	hypothetical protein	unknown function	None	None	None	None	None	None	None	None	None	None	None	None	None	None	None	None	None	None	None	11
NC_055064.1_CDS_0011	6223	7068	+	NC_055064.1	85.6	No_PHROG	No_PHROG	No_PHROG	No_PHROG	No_PHROG	8536	94.615089	1.0757200344623878e-26	No_custom_HMM	No_custom_HMM	No_custom_HMM	8536	Pyrodigal-gv_0.3.1	CDS	#3e83f6	major head protein	head and packaging	None	None	None	None	None	None	None	None	None	None	None	None	None	None	None	None	None	None	None	11
NC_055064.1_CDS_0012	7146	7472	+	NC_055064.1	41.2	No_PHROG	No_PHROG	No_PHROG	No_PHROG	No_PHROG	No_PHROGs_HMM	No_PHROGs_HMM	No_PHROGs_HMM	No_custom_HMM	No_custom_HMM	No_custom_HMM	No_PHROG	Pyrodigal-gv_0.3.1	CDS	None	hypothetical protein	unknown function	None	None	None	None	None	None	None	None	None	None	None	None	None	None	None	None	None	None	None	11
NC_055064.1_CDS_0013	7486	7635	+	NC_055064.1	15.2	No_PHROG	No_PHROG	No_PHROG	No_PHROG	No_PHROG	No_PHROGs_HMM	No_PHROGs_HMM	No_PHROGs_HMM	No_custom_HMM	No_custom_HMM	No_custom_HMM	No_PHROG	Pyrodigal-gv_0.3.1	CDS	None	hypothetical protein	unknown function	None	None	None	None	None	None	None	None	None	None	None	None	None	None	None	None	None	None	None	11
NC_055064.1_CDS_0014	7638	7826	+	NC_055064.1	28.4	No_PHROG	No_PHROG	No_PHROG	No_PHROG	No_PHROG	No_PHROGs_HMM	No_PHROGs_HMM	No_PHROGs_HMM	No_custom_HMM	No_custom_HMM	No_custom_HMM	No_PHROG	Pyrodigal-gv_0.3.1	CDS	None	hypothetical protein	unknown function	None	None	None	None	None	None	None	None	None	None	None	None	None	None	None	None	None	None	None	11
NC_055064.1_CDS_0015	7835	8194	+	NC_055064.1	25.2	No_PHROG	No_PHROG	No_PHROG	No_PHROG	No_PHROG	No_PHROGs_HMM	No_PHROGs_HMM	No_PHROGs_HMM	No_custom_HMM	No_custom_HMM	No_custom_HMM	No_PHROG	Pyrodigal-gv_0.3.1	CDS	None	hypothetical protein	unknown function	None	None	None	None	None	None	None	None	None	None	None	None	None	None	None	None	None	None	None	11
NC_055064.1_CDS_0016	8191	8682	+	NC_055064.1	43.8	No_PHROG	No_PHROG	No_PHROG	No_PHROG	No_PHROG	No_PHROGs_HMM	No_PHROGs_HMM	No_PHROGs_HMM	No_custom_HMM	No_custom_HMM	No_custom_HMM	No_PHROG	Pyrodigal-gv_0.3.1	CDS	None	hypothetical protein	unknown function	None	None	None	None	None	None	None	None	None	None	None	None	None	None	None	None	None	None	None	11
NC_055064.1_CDS_0017	8692	9297	+	NC_055064.1	85.3	No_PHROG	No_PHROG	No_PHROG	No_PHROG	No_PHROG	No_PHROGs_HMM	No_PHROGs_HMM	No_PHROGs_HMM	No_custom_HMM	No_custom_HMM	No_custom_HMM	No_PHROG	Pyrodigal-gv_0.3.1	CDS	None	hypothetical protein	unknown function	None	None	None	None	None	None	None	None	None	None	None	None	None	None	None	None	None	None	None	11
NC_055064.1_CDS_0018	9355	9822	+	NC_055064.1	39.5	873	94.0	0.415	1.104e-25	p239814 VI_06239	873	119.977676	2.2992039147478392e-34	No_custom_HMM	No_custom_HMM	No_custom_HMM	873	Pyrodigal-gv_0.3.1	CDS	#3e83f6	endolysin	head and packaging	None	None	None	None	None	None	None	None	None	None	None	None	None	None	None	None	None	None	None	11
NC_055064.1_CDS_0019	9831	10223	+	NC_055064.1	32.2	No_PHROG	No_PHROG	No_PHROG	No_PHROG	No_PHROG	No_PHROGs_HMM	No_PHROGs_HMM	No_PHROGs_HMM	No_custom_HMM	No_custom_HMM	No_custom_HMM	No_PHROG	Pyrodigal-gv_0.3.1	CDS	None	hypothetical protein	unknown function	None	None	None	None	None	None	None	None	None	None	None	None	None	None	None	None	None	None	None	11
NC_055064.1_CDS_0020	10233	10454	+	NC_055064.1	22.0	No_PHROG	No_PHROG	No_PHROG	No_PHROG	No_PHROG	No_PHROGs_HMM	No_PHROGs_HMM	No_PHROGs_HMM	No_custom_HMM	No_custom_HMM	No_custom_HMM	No_PHROG	Pyrodigal-gv_0.3.1	CDS	None	hypothetical protein	unknown function	None	None	None	None	None	None	None	None	None	None	None	None	None	None	None	None	None	None	None	11
NC_055065.1_CDS_0001	369	127	-	NC_055065.1	27.6	No_PHROG	No_PHROG	No_PHROG	No_PHROG	No_PHROG	No_PHROGs_HMM	No_PHROGs_HMM	No_PHROGs_HMM	No_custom_HMM	No_custom_HMM	No_custom_HMM	No_PHROG	Pyrodigal-gv_0.3.1	CDS	None	hypothetical protein	unknown function	None	None	None	None	None	None	None	None	None	None	None	None	None	None	None	None	None	None	None	11
NC_055065.1_CDS_0002	559	374	-	NC_055065.1	9.3	No_PHROG	No_PHROG	No_PHROG	No_PHROG	No_PHROG	No_PHROGs_HMM	No_PHROGs_HMM	No_PHROGs_HMM	No_custom_HMM	No_custom_HMM	No_custom_HMM	No_PHROG	Pyrodigal-gv_0.3.1	CDS	None	hypothetical protein	unknown function	None	None	None	None	None	None	None	None	None	None	None	None	None	None	None	None	None	None	None	11
NC_055065.1_CDS_0003	752	498	-	NC_055065.1	16.1	No_PHROG	No_PHROG	No_PHROG	No_PHROG	No_PHROG	No_PHROGs_HMM	No_PHROGs_HMM	No_PHROGs_HMM	No_custom_HMM	No_custom_HMM	No_custom_HMM	No_PHROG	Pyrodigal-gv_0.3.1	CDS	None	hypothetical protein	unknown function	None	None	None	None	None	None	None	None	None	None	None	None	None	None	None	None	None	None	None	11
NC_055065.1_CDS_0004	1291	755	-	NC_055065.1	44.5	3600	50.0	0.325	1.66e-10	KM612262_p41	3600	65.871567	6.563079816775317e-18	No_custom_HMM	No_custom_HMM	No_custom_HMM	3600	Pyrodigal-gv_0.3.1	CDS	#ff59f5	antimicrobial peptide resistance and lipid A acylation protein PagP	moron, auxiliary metabolic gene and host takeover	None	None	None	None	None	None	None	None	None	None	None	None	None	None	None	None	None	None	None	11
NC_055065.1_CDS_0005	1821	1489	-	NC_055065.1	47.0	No_PHROG	No_PHROG	No_PHROG	No_PHROG	No_PHROG	No_PHROGs_HMM	No_PHROGs_HMM	No_PHROGs_HMM	No_custom_HMM	No_custom_HMM	No_custom_HMM	No_PHROG	Pyrodigal-gv_0.3.1	CDS	None	hypothetical protein	unknown function	None	None	None	None	None	None	None	None	None	None	None	None	None	None	None	None	None	None	None	11
NC_055065.1_CDS_0006	3529	1934	-	NC_055065.1	129.4	1907	126.0	0.213	1.798e-32	NC_001825_p5	1907	255.972702	1.5781258470897724e-75	No_custom_HMM	No_custom_HMM	No_custom_HMM	1907	Pyrodigal-gv_0.3.1	CDS	#ffdf59	DNA polymerase	DNA, RNA and nucleotide metabolism	None	None	None	None	None	None	None	None	None	None	None	None	None	None	None	None	None	None	None	11
NC_055065.1_CDS_0007	4110	3535	-	NC_055065.1	46.3	No_PHROG	No_PHROG	No_PHROG	No_PHROG	No_PHROG	No_PHROGs_HMM	No_PHROGs_HMM	No_PHROGs_HMM	No_custom_HMM	No_custom_HMM	No_custom_HMM	No_PHROG	Pyrodigal-gv_0.3.1	CDS	None	hypothetical protein	unknown function	None	None	None	None	None	None	None	None	None	None	None	None	None	None	None	None	None	None	None	11
NC_055065.1_CDS_0008	4124	4858	+	NC_055065.1	78.9	No_PHROG	No_PHROG	No_PHROG	No_PHROG	No_PHROG	No_PHROGs_HMM	No_PHROGs_HMM	No_PHROGs_HMM	No_custom_HMM	No_custom_HMM	No_custom_HMM	No_PHROG	Pyrodigal-gv_0.3.1	CDS	None	hypothetical protein	unknown function	None	None	None	None	None	None	None	None	None	None	None	None	None	None	None	None	None	None	None	11
NC_055065.1_CDS_0009	4861	5394	+	NC_055065.1	33.7	No_PHROG	No_PHROG	No_PHROG	No_PHROG	No_PHROG	2666	55.513908	7.8202864335254e-15	No_custom_HMM	No_custom_HMM	No_custom_HMM	2666	Pyrodigal-gv_0.3.1	CDS	#3e83f6	terminase large subunit	head and packaging	None	None	None	None	None	None	None	None	None	None	None	None	None	None	None	None	None	None	None	11
NC_055065.1_CDS_0010	5391	5648	+	NC_055065.1	23.1	No_PHROG	No_PHROG	No_PHROG	No_PHROG	No_PHROG	No_PHROGs_HMM	No_PHROGs_HMM	No_PHROGs_HMM	No_custom_HMM	No_custom_HMM	No_custom_HMM	No_PHROG	Pyrodigal-gv_0.3.1	CDS	None	hypothetical protein	unknown function	None	None	None	None	None	None	None	None	None	None	None	None	None	None	None	None	None	None	None	11
NC_055065.1_CDS_0011	5947	6072	+	NC_055065.1	2.0	No_PHROG	No_PHROG	No_PHROG	No_PHROG	No_PHROG	No_PHROGs_HMM	No_PHROGs_HMM	No_PHROGs_HMM	No_custom_HMM	No_custom_HMM	No_custom_HMM	No_PHROG	Pyrodigal-gv_0.3.1	CDS	None	hypothetical protein	unknown function	None	None	None	None	None	None	None	None	None	None	None	None	None	None	None	None	None	None	None	11
NC_055065.1_CDS_0012	6124	6969	+	NC_055065.1	95.6	8536	46.0	0.248	2.083e-08	p438530 VI_07702	8536	105.16198	6.531040608773555e-30	No_custom_HMM	No_custom_HMM	No_custom_HMM	8536	Pyrodigal-gv_0.3.1	CDS	#3e83f6	major head protein	head and packaging	None	None	None	None	None	None	None	None	None	None	None	None	None	None	None	None	None	None	None	11
NC_055065.1_CDS_0013	7017	7373	+	NC_055065.1	32.3	No_PHROG	No_PHROG	No_PHROG	No_PHROG	No_PHROG	No_PHROGs_HMM	No_PHROGs_HMM	No_PHROGs_HMM	No_custom_HMM	No_custom_HMM	No_custom_HMM	No_PHROG	Pyrodigal-gv_0.3.1	CDS	None	hypothetical protein	unknown function	None	None	None	None	None	None	None	None	None	None	None	None	None	None	None	None	None	None	None	11
NC_055065.1_CDS_0014	7385	7534	+	NC_055065.1	16.3	No_PHROG	No_PHROG	No_PHROG	No_PHROG	No_PHROG	No_PHROGs_HMM	No_PHROGs_HMM	No_PHROGs_HMM	No_custom_HMM	No_custom_HMM	No_custom_HMM	No_PHROG	Pyrodigal-gv_0.3.1	CDS	None	hypothetical protein	unknown function	None	None	None	None	None	None	None	None	None	None	None	None	None	None	None	None	None	None	None	11
NC_055065.1_CDS_0015	7538	7723	+	NC_055065.1	6.7	No_PHROG	No_PHROG	No_PHROG	No_PHROG	No_PHROG	No_PHROGs_HMM	No_PHROGs_HMM	No_PHROGs_HMM	No_custom_HMM	No_custom_HMM	No_custom_HMM	No_PHROG	Pyrodigal-gv_0.3.1	CDS	None	hypothetical protein	unknown function	None	None	None	None	None	None	None	None	None	None	None	None	None	None	None	None	None	None	None	11
NC_055065.1_CDS_0016	7733	8092	+	NC_055065.1	23.8	No_PHROG	No_PHROG	No_PHROG	No_PHROG	No_PHROG	No_PHROGs_HMM	No_PHROGs_HMM	No_PHROGs_HMM	No_custom_HMM	No_custom_HMM	No_custom_HMM	No_PHROG	Pyrodigal-gv_0.3.1	CDS	None	hypothetical protein	unknown function	None	None	None	None	None	None	None	None	None	None	None	None	None	None	None	None	None	None	None	11
NC_055065.1_CDS_0017	8089	8658	+	NC_055065.1	54.8	No_PHROG	No_PHROG	No_PHROG	No_PHROG	No_PHROG	No_PHROGs_HMM	No_PHROGs_HMM	No_PHROGs_HMM	No_custom_HMM	No_custom_HMM	No_custom_HMM	No_PHROG	Pyrodigal-gv_0.3.1	CDS	None	hypothetical protein	unknown function	None	None	None	None	None	None	None	None	None	None	None	None	None	None	None	None	None	None	None	11
NC_055065.1_CDS_0018	8669	9343	+	NC_055065.1	51.1	No_PHROG	No_PHROG	No_PHROG	No_PHROG	No_PHROG	No_PHROGs_HMM	No_PHROGs_HMM	No_PHROGs_HMM	No_custom_HMM	No_custom_HMM	No_custom_HMM	No_PHROG	Pyrodigal-gv_0.3.1	CDS	None	hypothetical protein	unknown function	None	None	None	None	None	None	None	None	None	None	None	None	None	None	None	None	None	None	None	11
NC_055065.1_CDS_0019	9353	9871	+	NC_055065.1	29.1	873	100.0	0.438	5.19e-28	p239814 VI_06239	873	119.221062	3.890180482701598e-34	No_custom_HMM	No_custom_HMM	No_custom_HMM	873	Pyrodigal-gv_0.3.1	CDS	#3e83f6	endolysin	head and packaging	None	None	None	None	None	None	None	None	None	None	None	None	None	None	None	None	None	None	None	11
NC_055065.1_CDS_0020	9884	10291	+	NC_055065.1	19.2	No_PHROG	No_PHROG	No_PHROG	No_PHROG	No_PHROG	No_PHROGs_HMM	No_PHROGs_HMM	No_PHROGs_HMM	No_custom_HMM	No_custom_HMM	No_custom_HMM	No_PHROG	Pyrodigal-gv_0.3.1	CDS	None	hypothetical protein	unknown function	None	None	None	None	None	None	None	None	None	None	None	None	None	None	None	None	None	None	None	11
NC_055065.1_CDS_0021	10300	10512	+	NC_055065.1	12.5	No_PHROG	No_PHROG	No_PHROG	No_PHROG	No_PHROG	No_PHROGs_HMM	No_PHROGs_HMM	No_PHROGs_HMM	No_custom_HMM	No_custom_HMM	No_custom_HMM	No_PHROG	Pyrodigal-gv_0.3.1	CDS	None	hypothetical protein	unknown function	None	None	None	None	None	None	None	None	None	None	None	None	None	None	None	None	None	None	None	11
NC_055066.1_CDS_0001	367	158	-	NC_055066.1	18.0	No_PHROG	No_PHROG	No_PHROG	No_PHROG	No_PHROG	No_PHROGs_HMM	No_PHROGs_HMM	No_PHROGs_HMM	No_custom_HMM	No_custom_HMM	No_custom_HMM	No_PHROG	Pyrodigal-gv_0.3.1	CDS	None	hypothetical protein	unknown function	None	None	None	None	None	None	None	None	None	None	None	None	None	None	None	None	None	None	None	11
NC_055066.1_CDS_0002	984	370	-	NC_055066.1	66.3	3600	40.0	0.258	6.461e-07	KM612262_p41	3600	50.190163	3.8941441083451725e-13	No_custom_HMM	No_custom_HMM	No_custom_HMM	3600	Pyrodigal-gv_0.3.1	CDS	#ff59f5	antimicrobial peptide resistance and lipid A acylation protein PagP	moron, auxiliary metabolic gene and host takeover	None	None	None	None	None	None	None	None	None	None	None	None	None	None	None	None	None	None	None	11
NC_055066.1_CDS_0003	1512	1177	-	NC_055066.1	46.0	No_PHROG	No_PHROG	No_PHROG	No_PHROG	No_PHROG	No_PHROGs_HMM	No_PHROGs_HMM	No_PHROGs_HMM	No_custom_HMM	No_custom_HMM	No_custom_HMM	No_PHROG	Pyrodigal-gv_0.3.1	CDS	None	hypothetical protein	unknown function	None	None	None	None	None	None	None	None	None	None	None	None	None	None	None	None	None	None	None	11
NC_055066.1_CDS_0004	3217	1622	-	NC_055066.1	127.0	1907	126.0	0.218	1.798e-32	NC_001825_p5	1907	247.96666	4.1850541259752913e-73	No_custom_HMM	No_custom_HMM	No_custom_HMM	1907	Pyrodigal-gv_0.3.1	CDS	#ffdf59	DNA polymerase	DNA, RNA and nucleotide metabolism	None	None	None	None	None	None	None	None	None	None	None	None	None	None	None	None	None	None	None	11
NC_055066.1_CDS_0005	3798	3223	-	NC_055066.1	38.4	No_PHROG	No_PHROG	No_PHROG	No_PHROG	No_PHROG	No_PHROGs_HMM	No_PHROGs_HMM	No_PHROGs_HMM	No_custom_HMM	No_custom_HMM	No_custom_HMM	No_PHROG	Pyrodigal-gv_0.3.1	CDS	None	hypothetical protein	unknown function	None	None	None	None	None	None	None	None	None	None	None	None	None	None	None	None	None	None	None	11
NC_055066.1_CDS_0006	3812	4519	+	NC_055066.1	95.0	No_PHROG	No_PHROG	No_PHROG	No_PHROG	No_PHROG	No_PHROGs_HMM	No_PHROGs_HMM	No_PHROGs_HMM	No_custom_HMM	No_custom_HMM	No_custom_HMM	No_PHROG	Pyrodigal-gv_0.3.1	CDS	None	hypothetical protein	unknown function	None	None	None	None	None	None	None	None	None	None	None	None	None	None	None	None	None	None	None	11
NC_055066.1_CDS_0007	4522	5055	+	NC_055066.1	47.4	No_PHROG	No_PHROG	No_PHROG	No_PHROG	No_PHROG	2666	52.388748	6.917540593333043e-14	No_custom_HMM	No_custom_HMM	No_custom_HMM	2666	Pyrodigal-gv_0.3.1	CDS	#3e83f6	terminase large subunit	head and packaging	None	None	None	None	None	None	None	None	None	None	None	None	None	None	None	None	None	None	None	11
NC_055066.1_CDS_0008	5052	5279	+	NC_055066.1	24.5	No_PHROG	No_PHROG	No_PHROG	No_PHROG	No_PHROG	No_PHROGs_HMM	No_PHROGs_HMM	No_PHROGs_HMM	No_custom_HMM	No_custom_HMM	No_custom_HMM	No_PHROG	Pyrodigal-gv_0.3.1	CDS	None	hypothetical protein	unknown function	None	None	None	None	None	None	None	None	None	None	None	None	None	None	None	None	None	None	None	11
NC_055066.1_CDS_0009	5516	5641	+	NC_055066.1	5.3	No_PHROG	No_PHROG	No_PHROG	No_PHROG	No_PHROG	No_PHROGs_HMM	No_PHROGs_HMM	No_PHROGs_HMM	No_custom_HMM	No_custom_HMM	No_custom_HMM	No_PHROG	Pyrodigal-gv_0.3.1	CDS	None	hypothetical protein	unknown function	None	None	None	None	None	None	None	None	None	None	None	None	None	None	None	None	None	None	None	11
NC_055066.1_CDS_0010	5696	6550	+	NC_055066.1	98.1	8536	49.0	0.256	2.785e-09	p438530 VI_07702	8536	96.366379	3.144633646470714e-27	No_custom_HMM	No_custom_HMM	No_custom_HMM	8536	Pyrodigal-gv_0.3.1	CDS	#3e83f6	major head protein	head and packaging	None	None	None	None	None	None	None	None	None	None	None	None	None	None	None	None	None	None	None	11
NC_055066.1_CDS_0011	6620	6946	+	NC_055066.1	25.9	No_PHROG	No_PHROG	No_PHROG	No_PHROG	No_PHROG	No_PHROGs_HMM	No_PHROGs_HMM	No_PHROGs_HMM	No_custom_HMM	No_custom_HMM	No_custom_HMM	No_PHROG	Pyrodigal-gv_0.3.1	CDS	None	hypothetical protein	unknown function	None	None	None	None	None	None	None	None	None	None	None	None	None	None	None	None	None	None	None	11
NC_055066.1_CDS_0012	6958	7110	+	NC_055066.1	8.8	No_PHROG	No_PHROG	No_PHROG	No_PHROG	No_PHROG	No_PHROGs_HMM	No_PHROGs_HMM	No_PHROGs_HMM	No_custom_HMM	No_custom_HMM	No_custom_HMM	No_PHROG	Pyrodigal-gv_0.3.1	CDS	None	hypothetical protein	unknown function	None	None	None	None	None	None	None	None	None	None	None	None	None	None	None	None	None	None	None	11
NC_055066.1_CDS_0013	7138	7305	+	NC_055066.1	7.8	No_PHROG	No_PHROG	No_PHROG	No_PHROG	No_PHROG	No_PHROGs_HMM	No_PHROGs_HMM	No_PHROGs_HMM	No_custom_HMM	No_custom_HMM	No_custom_HMM	No_PHROG	Pyrodigal-gv_0.3.1	CDS	None	hypothetical protein	unknown function	None	None	None	None	None	None	None	None	None	None	None	None	None	None	None	None	None	None	None	11
NC_055066.1_CDS_0014	7307	7666	+	NC_055066.1	16.6	No_PHROG	No_PHROG	No_PHROG	No_PHROG	No_PHROG	No_PHROGs_HMM	No_PHROGs_HMM	No_PHROGs_HMM	No_custom_HMM	No_custom_HMM	No_custom_HMM	No_PHROG	Pyrodigal-gv_0.3.1	CDS	None	hypothetical protein	unknown function	None	None	None	None	None	None	None	None	None	None	None	None	None	None	None	None	None	None	None	11
NC_055066.1_CDS_0015	7663	8133	+	NC_055066.1	45.7	No_PHROG	No_PHROG	No_PHROG	No_PHROG	No_PHROG	No_PHROGs_HMM	No_PHROGs_HMM	No_PHROGs_HMM	No_custom_HMM	No_custom_HMM	No_custom_HMM	No_PHROG	Pyrodigal-gv_0.3.1	CDS	None	hypothetical protein	unknown function	None	None	None	None	None	None	None	None	None	None	None	None	None	None	None	None	None	None	None	11
NC_055066.1_CDS_0016	8145	8759	+	NC_055066.1	68.2	No_PHROG	No_PHROG	No_PHROG	No_PHROG	No_PHROG	No_PHROGs_HMM	No_PHROGs_HMM	No_PHROGs_HMM	No_custom_HMM	No_custom_HMM	No_custom_HMM	No_PHROG	Pyrodigal-gv_0.3.1	CDS	None	hypothetical protein	unknown function	None	None	None	None	None	None	None	None	None	None	None	None	None	None	None	None	None	None	None	11
NC_055066.1_CDS_0017	8927	9286	+	NC_055066.1	27.4	873	61.0	0.358	2.379e-14	p239814 VI_06239	873	66.468407	3.2653117699290873e-18	No_custom_HMM	No_custom_HMM	No_custom_HMM	873	Pyrodigal-gv_0.3.1	CDS	#3e83f6	endolysin	head and packaging	None	None	None	None	None	None	None	None	None	None	None	None	None	None	None	None	None	None	None	11
NC_055066.1_CDS_0018	9297	9683	+	NC_055066.1	32.9	No_PHROG	No_PHROG	No_PHROG	No_PHROG	No_PHROG	No_PHROGs_HMM	No_PHROGs_HMM	No_PHROGs_HMM	No_custom_HMM	No_custom_HMM	No_custom_HMM	No_PHROG	Pyrodigal-gv_0.3.1	CDS	None	hypothetical protein	unknown function	None	None	None	None	None	None	None	None	None	None	None	None	None	None	None	None	None	None	None	11
NC_055066.1_CDS_0019	9693	9911	+	NC_055066.1	17.5	No_PHROG	No_PHROG	No_PHROG	No_PHROG	No_PHROG	No_PHROGs_HMM	No_PHROGs_HMM	No_PHROGs_HMM	No_custom_HMM	No_custom_HMM	No_custom_HMM	No_PHROG	Pyrodigal-gv_0.3.1	CDS	None	hypothetical protein	unknown function	None	None	None	None	None	None	None	None	None	None	None	None	None	None	None	None	None	None	None	11
