seq_name	length	topology	coordinates	n_genes	genetic_code	virus_score	fdr	n_hallmarks	marker_enrichment	taxonomy
u167070ctg_len-64938_circular-yes_depth-30-27-6_mult-1.00	64968	DTR	NA	69	11	0.9995	0.0005	9	68.1947	Viruses;Duplodnaviria;Heunggongvirae;Uroviricota;Caudoviricetes;;
u757655ctg_len-40675_circular-yes_depth-9-9-7_mult-1.00	40705	DTR	NA	51	11	0.9995	0.0005	7	25.6729	Viruses;Duplodnaviria;Heunggongvirae;Uroviricota;Caudoviricetes;;
u1449605ctg_len-226555_circular-yes_depth-7-7-5_mult-1.00	226585	DTR	NA	218	11	0.9995	0.0005	2	25.8755	Viruses;Varidnaviria;Bamfordvirae;Nucleocytoviricota;;;
u491056ctg_len-72311_circular-yes_depth-237-237-37_mult-1.00	72341	DTR	NA	83	11	0.9995	0.0005	4	28.8869	Viruses;Duplodnaviria;Heunggongvirae;Uroviricota;Caudoviricetes;;
u66009ctg_len-130030_circular-yes_depth-46-35-4_mult-1.00	130060	DTR	NA	225	11	0.9995	0.0005	4	23.6971	Viruses;Duplodnaviria;Heunggongvirae;Uroviricota;Caudoviricetes;;
u1116613ctg_len-31786_circular-yes_depth-29-29-27_mult-1.00	31816	DTR	NA	38	11	0.9995	0.0005	6	14.9259	Viruses;Duplodnaviria;Heunggongvirae;Uroviricota;Caudoviricetes;;
u1919393ctg_len-31645_circular-yes_depth-9-5-4_mult-1.00	31675	DTR	NA	41	11	0.9995	0.0005	7	19.1810	Viruses;Duplodnaviria;Heunggongvirae;Uroviricota;Caudoviricetes;;
u1323996ctg_len-94286_circular-yes_depth-95-36-1_mult-1.00	94316	DTR	NA	90	11	0.9995	0.0005	7	39.2475	Viruses;Duplodnaviria;Heunggongvirae;Uroviricota;Caudoviricetes;;
u1542739ctg_len-31637_circular-yes_depth-25-25-2_mult-1.00	31667	DTR	NA	47	11	0.9995	0.0005	3	16.5383	Viruses;Duplodnaviria;Heunggongvirae;Uroviricota;Caudoviricetes;;
u2269352ctg_len-12950_circular-yes_depth-13-8-1_mult-1.00	12980	DTR	NA	20	11	0.9995	0.0005	0	3.4366	Viruses;Duplodnaviria;Heunggongvirae;Uroviricota;Caudoviricetes;;
u2699451ctg_len-33529_circular-yes_depth-8-8-8_mult-1.00	33559	DTR	NA	53	11	0.9995	0.0005	7	25.3387	Viruses;Duplodnaviria;Heunggongvirae;Uroviricota;Caudoviricetes;;
u773206ctg_len-25789_circular-yes_depth-47-47-47_mult-1.00	25819	DTR	NA	34	11	0.9995	0.0005	7	19.6609	Viruses;Duplodnaviria;Heunggongvirae;Uroviricota;Caudoviricetes;;
u2111607ctg_len-38492_circular-yes_depth-84-52-6_mult-1.00	38522	DTR	NA	45	11	0.9995	0.0005	2	8.2274	Viruses;Duplodnaviria;Heunggongvirae;Uroviricota;Caudoviricetes;;
u681537ctg_len-45646_circular-yes_depth-14-14-6_mult-1.00	45676	DTR	NA	60	11	0.9995	0.0005	3	26.1580	Viruses;Duplodnaviria;Heunggongvirae;Uroviricota;Caudoviricetes;;
u1689428ctg_len-939225_circular-yes_depth-94-89-34_mult-1.00	939255	DTR	NA	712	11	0.9995	0.0005	10	62.9235	Viruses;;;;;;
u774156ctg_len-31849_circular-yes_depth-14-14-7_mult-1.00	31879	DTR	NA	35	11	0.9995	0.0005	8	16.9613	Viruses;Duplodnaviria;Heunggongvirae;Uroviricota;Caudoviricetes;;
u1281482ctg_len-36255_circular-yes_depth-12-12-12_mult-1.00	36285	DTR	NA	54	11	0.9995	0.0005	10	29.5422	Viruses;Duplodnaviria;Heunggongvirae;Uroviricota;Caudoviricetes;;
u2041124ctg_len-178140_circular-yes_depth-697-697-29_mult-2.00	178170	DTR	NA	181	11	0.9995	0.0005	9	49.5747	Viruses;Duplodnaviria;Heunggongvirae;Uroviricota;Caudoviricetes;;
u1029916ctg_len-34011_circular-yes_depth-20-3-1_mult-1.00	34041	DTR	NA	44	11	0.9995	0.0005	5	22.7831	Viruses;Duplodnaviria;Heunggongvirae;Uroviricota;Caudoviricetes;;
u1006024ctg_len-31275_circular-yes_depth-43-43-35_mult-1.00	31305	DTR	NA	38	11	0.9995	0.0005	6	16.3317	Viruses;Duplodnaviria;Heunggongvirae;Uroviricota;Caudoviricetes;;
u1366970ctg_len-29260_circular-yes_depth-14-11-4_mult-1.00	29290	DTR	NA	36	11	0.9995	0.0005	3	27.8209	Viruses;Duplodnaviria;Heunggongvirae;Uroviricota;Caudoviricetes;;
u2320616ctg_len-27114_circular-yes_depth-7-7-5_mult-1.00	27144	DTR	NA	42	11	0.9995	0.0005	8	25.3375	Viruses;Duplodnaviria;Heunggongvirae;Uroviricota;Caudoviricetes;;
u2553031ctg_len-31033_circular-yes_depth-284-40-1_mult-1.00	31063	DTR	NA	48	11	0.9995	0.0005	4	15.8498	Viruses;Duplodnaviria;Heunggongvirae;Uroviricota;Caudoviricetes;;
u435756ctg_len-40152_circular-yes_depth-82-41-11_mult-1.00	40182	DTR	NA	47	11	0.9995	0.0005	2	8.2274	Viruses;Duplodnaviria;Heunggongvirae;Uroviricota;Caudoviricetes;;
u1240348ctg_len-37956_circular-yes_depth-19-19-7_mult-1.00	37986	DTR	NA	56	11	0.9995	0.0005	7	29.1610	Viruses;Duplodnaviria;Heunggongvirae;Uroviricota;Caudoviricetes;;
u2512835ctg_len-34604_circular-yes_depth-20-5-4_mult-1.00	34634	DTR	NA	57	11	0.9995	0.0005	9	40.6247	Viruses;Duplodnaviria;Heunggongvirae;Uroviricota;Caudoviricetes;;
u2183174ctg_len-4903739_circular-yes_depth-13-13-12_mult-1.00|provirus_4020131_4054278	34148	Provirus	4020131-4054278	47	11	0.9995	0.0005	10	27.1841	Viruses;Duplodnaviria;Heunggongvirae;Uroviricota;Caudoviricetes;;
u1052478ctg_len-34224_circular-yes_depth-102-7-2_mult-1.00	34254	DTR	NA	58	11	0.9995	0.0005	9	35.7151	Viruses;Duplodnaviria;Heunggongvirae;Uroviricota;Caudoviricetes;;
u390836ctg_len-46296_circular-yes_depth-28-27-19_mult-1.00	46326	DTR	NA	54	11	0.9995	0.0005	6	39.7745	Viruses;Duplodnaviria;Heunggongvirae;Uroviricota;Caudoviricetes;;
u1368244ctg_len-36052_circular-yes_depth-8-8-4_mult-1.00	36082	DTR	NA	54	11	0.9995	0.0005	7	27.6986	Viruses;Duplodnaviria;Heunggongvirae;Uroviricota;Caudoviricetes;;
u229769ctg_len-39846_circular-yes_depth-39-33-13_mult-1.00	39876	DTR	NA	56	11	0.9995	0.0005	2	16.8320	Viruses;Duplodnaviria;Heunggongvirae;Uroviricota;Caudoviricetes;;
u2196579ctg_len-34744_circular-yes_depth-83-83-52_mult-1.00	34774	DTR	NA	57	11	0.9995	0.0005	13	30.1977	Viruses;Duplodnaviria;Heunggongvirae;Uroviricota;Caudoviricetes;;
u2281132ctg_len-86244_circular-yes_depth-77-67-7_mult-1.00	86274	DTR	NA	87	11	0.9995	0.0005	4	8.2453	Viruses;Duplodnaviria;Heunggongvirae;Uroviricota;Caudoviricetes;;
u203523ctg_len-69005_circular-yes_depth-16-16-4_mult-1.00	69035	DTR	NA	86	11	0.9995	0.0005	4	22.7034	Viruses;Duplodnaviria;Heunggongvirae;Uroviricota;Caudoviricetes;;
u2040388ctg_len-34004_circular-yes_depth-9-9-9_mult-1.00	34034	DTR	NA	60	11	0.9995	0.0005	13	31.0861	Viruses;Duplodnaviria;Heunggongvirae;Uroviricota;Caudoviricetes;;
u2704862ctg_len-34629_circular-yes_depth-29-6-3_mult-1.00	34659	DTR	NA	59	11	0.9995	0.0005	9	38.4372	Viruses;Duplodnaviria;Heunggongvirae;Uroviricota;Caudoviricetes;;
u1561017ctg_len-29554_circular-yes_depth-20-20-20_mult-1.00	29584	DTR	NA	41	11	0.9995	0.0005	8	15.3508	Viruses;Duplodnaviria;Heunggongvirae;Uroviricota;Caudoviricetes;;
u828099ctg_len-30510_circular-yes_depth-22-21-14_mult-1.00	30540	DTR	NA	52	11	0.9995	0.0005	3	17.4982	Viruses;Duplodnaviria;Heunggongvirae;Uroviricota;Caudoviricetes;;
u2356247ctg_len-33664_circular-yes_depth-25-8-7_mult-1.00	33694	DTR	NA	57	11	0.9995	0.0005	9	35.6976	Viruses;Duplodnaviria;Heunggongvirae;Uroviricota;Caudoviricetes;;
u2669765ctg_len-25757_circular-yes_depth-111-35-31_mult-1.00	25787	DTR	NA	33	11	0.9995	0.0005	7	15.0422	Viruses;Duplodnaviria;Heunggongvirae;Uroviricota;Caudoviricetes;;
u1119167ctg_len-33588_circular-yes_depth-28-10-8_mult-1.00	33618	DTR	NA	59	11	0.9995	0.0005	10	36.9541	Viruses;Duplodnaviria;Heunggongvirae;Uroviricota;Caudoviricetes;;
u1654065ctg_len-34026_circular-yes_depth-21-13-3_mult-1.00	34056	DTR	NA	59	11	0.9995	0.0005	8	32.3579	Viruses;Duplodnaviria;Heunggongvirae;Uroviricota;Caudoviricetes;;
u1755019ctg_len-26020_circular-yes_depth-127-47-34_mult-1.00	26050	DTR	NA	36	11	0.9995	0.0005	7	14.9769	Viruses;Duplodnaviria;Heunggongvirae;Uroviricota;Caudoviricetes;;
u2546887ctg_len-40487_circular-yes_depth-58-47-16_mult-1.00	40517	DTR	NA	47	11	0.9995	0.0005	2	8.2274	Viruses;Duplodnaviria;Heunggongvirae;Uroviricota;Caudoviricetes;;
u827320ctg_len-41350_circular-yes_depth-67-67-67_mult-1.00	41380	DTR	NA	59	11	0.9995	0.0005	3	13.6149	Viruses;Duplodnaviria;Heunggongvirae;Uroviricota;Caudoviricetes;;
u2278984ctg_len-31306_circular-yes_depth-41-14-5_mult-1.00	31336	DTR	NA	46	11	0.9995	0.0005	6	16.0446	Viruses;Duplodnaviria;Heunggongvirae;Uroviricota;Caudoviricetes;;
u2555245ctg_len-34969_circular-yes_depth-102-14-9_mult-1.00	34999	DTR	NA	58	11	0.9995	0.0005	7	34.2252	Viruses;Duplodnaviria;Heunggongvirae;Uroviricota;Caudoviricetes;;
u888196ctg_len-33341_circular-yes_depth-38-38-7_mult-1.00	33371	DTR	NA	43	11	0.9995	0.0005	6	22.6612	Viruses;Duplodnaviria;Heunggongvirae;Uroviricota;Caudoviricetes;;
u1225668ctg_len-67547_circular-yes_depth-23-8-1_mult-1.59	67577	DTR	NA	86	11	0.9995	0.0005	6	31.6472	Viruses;Duplodnaviria;Heunggongvirae;Uroviricota;Caudoviricetes;;
u2111897ctg_len-33845_circular-yes_depth-34-11-11_mult-1.00	33875	DTR	NA	58	11	0.9995	0.0005	9	35.8557	Viruses;Duplodnaviria;Heunggongvirae;Uroviricota;Caudoviricetes;;
u2485094ctg_len-31005_circular-yes_depth-7-7-5_mult-1.00	31035	DTR	NA	45	11	0.9995	0.0005	5	17.4459	Viruses;Duplodnaviria;Heunggongvirae;Uroviricota;Caudoviricetes;;
u659566ctg_len-30904_circular-yes_depth-279-100-1_mult-1.00	30934	DTR	NA	48	11	0.9995	0.0005	4	15.8498	Viruses;Duplodnaviria;Heunggongvirae;Uroviricota;Caudoviricetes;;
u2224382ctg_len-26318_circular-yes_depth-11-7-5_mult-1.00	26348	DTR	NA	36	11	0.9995	0.0005	7	14.1960	Viruses;Duplodnaviria;Heunggongvirae;Uroviricota;Caudoviricetes;;
u896004ctg_len-30582_circular-yes_depth-51-23-6_mult-1.00	30612	DTR	NA	39	11	0.9995	0.0005	5	13.3722	Viruses;Duplodnaviria;Heunggongvirae;Uroviricota;Caudoviricetes;;
u2040103ctg_len-25914_circular-yes_depth-188-12-8_mult-1.00	25944	DTR	NA	33	11	0.9994	0.0005	7	14.9769	Viruses;Duplodnaviria;Heunggongvirae;Uroviricota;Caudoviricetes;;
u1984478ctg_len-116401_circular-yes_depth-53-42-20_mult-1.00	116431	DTR	NA	101	11	0.9994	0.0005	3	37.3409	Viruses;Duplodnaviria;Heunggongvirae;Uroviricota;Caudoviricetes;;
u1809716ctg_len-39784_circular-yes_depth-37-15-5_mult-1.00	39814	DTR	NA	46	11	0.9994	0.0005	2	8.2274	Viruses;Duplodnaviria;Heunggongvirae;Uroviricota;Caudoviricetes;;
u1258448ctg_len-25682_circular-yes_depth-240-47-45_mult-1.00	25712	DTR	NA	34	11	0.9994	0.0005	7	16.4457	Viruses;Duplodnaviria;Heunggongvirae;Uroviricota;Caudoviricetes;;
u1128154ctg_len-30326_circular-yes_depth-192-55-12_mult-1.00	30356	DTR	NA	38	11	0.9994	0.0005	7	16.3270	Viruses;Duplodnaviria;Heunggongvirae;Uroviricota;Caudoviricetes;;
u1736217ctg_len-39337_circular-yes_depth-11-11-8_mult-1.00	39367	DTR	NA	57	11	0.9994	0.0005	3	20.0501	Viruses;Duplodnaviria;Heunggongvirae;Uroviricota;Caudoviricetes;;
u1156028ctg_len-25630_circular-yes_depth-81-4-4_mult-1.00	25660	DTR	NA	34	11	0.9994	0.0005	7	15.1577	Viruses;Duplodnaviria;Heunggongvirae;Uroviricota;Caudoviricetes;;
u1924749ctg_len-34205_circular-yes_depth-55-6-2_mult-1.00	34235	DTR	NA	61	11	0.9994	0.0005	9	33.6769	Viruses;Duplodnaviria;Heunggongvirae;Uroviricota;Caudoviricetes;;
u2143102ctg_len-26184_circular-yes_depth-186-10-5_mult-1.00	26214	DTR	NA	36	11	0.9994	0.0005	6	13.6127	Viruses;Duplodnaviria;Heunggongvirae;Uroviricota;Caudoviricetes;;
u2389111ctg_len-32505_circular-yes_depth-31-31-31_mult-1.00	32535	DTR	NA	44	11	0.9994	0.0005	6	24.3795	Viruses;Duplodnaviria;Heunggongvirae;Uroviricota;Caudoviricetes;;
u798624ctg_len-68470_circular-yes_depth-78-11-5_mult-1.22	68500	DTR	NA	109	11	0.9994	0.0005	17	68.5893	Viruses;Duplodnaviria;Heunggongvirae;Uroviricota;Caudoviricetes;;
u1894808ctg_len-49736_circular-yes_depth-128-32-4_mult-2.00	49766	DTR	NA	59	11	0.9994	0.0005	12	40.3679	Viruses;Duplodnaviria;Heunggongvirae;Uroviricota;Caudoviricetes;;
u2024376ctg_len-32010_circular-yes_depth-12-12-12_mult-1.00|provirus_15421_31670	16250	Provirus	15421-31670	21	11	0.9994	0.0005	8	14.6044	Viruses;Duplodnaviria;Heunggongvirae;Uroviricota;Caudoviricetes;;
u264269ctg_len-33877_circular-yes_depth-13-9-4_mult-1.00	33907	DTR	NA	50	11	0.9994	0.0005	5	27.3925	Viruses;Duplodnaviria;Heunggongvirae;Uroviricota;Caudoviricetes;;
u803193ctg_len-27790_circular-yes_depth-106-16-8_mult-1.00	27820	DTR	NA	34	11	0.9994	0.0005	6	14.8596	Viruses;Duplodnaviria;Heunggongvirae;Uroviricota;Caudoviricetes;;
u1182211ctg_len-29448_circular-yes_depth-6-6-6_mult-1.00	29478	DTR	NA	37	11	0.9994	0.0005	2	9.4099	Viruses;Duplodnaviria;Heunggongvirae;Uroviricota;Caudoviricetes;;
u185116ctg_len-33610_circular-yes_depth-18-16-10_mult-1.00	33640	DTR	NA	46	11	0.9994	0.0005	8	25.0781	Viruses;Duplodnaviria;Heunggongvirae;Uroviricota;Caudoviricetes;;
u2174173ctg_len-30131_circular-yes_depth-117-50-25_mult-1.00	30161	DTR	NA	40	11	0.9994	0.0005	8	15.7398	Viruses;Duplodnaviria;Heunggongvirae;Uroviricota;Caudoviricetes;;
u633448ctg_len-112429_circular-yes_depth-57-14-5_mult-1.00	112459	DTR	NA	92	11	0.9994	0.0005	3	37.3409	Viruses;Duplodnaviria;Heunggongvirae;Uroviricota;Caudoviricetes;;
u2455366ctg_len-29701_circular-yes_depth-36-36-13_mult-1.00	29731	DTR	NA	39	11	0.9994	0.0005	2	9.2108	Viruses;Duplodnaviria;Heunggongvirae;Uroviricota;Caudoviricetes;;
u398089ctg_len-27650_circular-yes_depth-201-26-12_mult-1.00	27680	DTR	NA	38	11	0.9994	0.0005	7	13.8521	Viruses;Duplodnaviria;Heunggongvirae;Uroviricota;Caudoviricetes;;
u2280365ctg_len-39356_circular-yes_depth-37-29-5_mult-1.00	39386	DTR	NA	54	11	0.9994	0.0005	2	15.1137	Viruses;Duplodnaviria;Heunggongvirae;Uroviricota;Caudoviricetes;;
u503399ctg_len-32593_circular-yes_depth-35-9-3_mult-1.00	32623	DTR	NA	53	11	0.9994	0.0005	9	32.8581	Viruses;Duplodnaviria;Heunggongvirae;Uroviricota;Caudoviricetes;;
u2376146ctg_len-44027_circular-yes_depth-22-22-1_mult-1.00	44057	DTR	NA	62	11	0.9994	0.0005	4	12.2230	Viruses;Duplodnaviria;Heunggongvirae;Uroviricota;Caudoviricetes;;
u1196302ctg_len-32693_circular-yes_depth-7-7-5_mult-1.00	32723	DTR	NA	44	11	0.9994	0.0005	7	15.9112	Viruses;Duplodnaviria;Heunggongvirae;Uroviricota;Caudoviricetes;;
u1143216ctg_len-30843_circular-yes_depth-189-48-8_mult-1.00	30873	DTR	NA	41	11	0.9994	0.0005	6	12.3583	Viruses;Duplodnaviria;Heunggongvirae;Uroviricota;Caudoviricetes;;
u1922149ctg_len-24678_circular-yes_depth-16-8-2_mult-1.00	24708	DTR	NA	35	11	0.9994	0.0005	6	18.7951	Viruses;Duplodnaviria;Heunggongvirae;Uroviricota;Caudoviricetes;;
u1424928ctg_len-42679_circular-yes_depth-15-11-1_mult-1.00	42709	DTR	NA	50	11	0.9994	0.0005	2	17.9701	Viruses;Duplodnaviria;Heunggongvirae;Uroviricota;Caudoviricetes;;
u936374ctg_len-29410_circular-yes_depth-12-12-10_mult-1.00	29440	DTR	NA	40	11	0.9994	0.0005	6	18.4966	Viruses;Duplodnaviria;Heunggongvirae;Uroviricota;Caudoviricetes;;
u1163440ctg_len-27843_circular-yes_depth-59-10-2_mult-1.00	27873	DTR	NA	38	11	0.9994	0.0005	6	14.8596	Viruses;Duplodnaviria;Heunggongvirae;Uroviricota;Caudoviricetes;;
u2595890ctg_len-30696_circular-yes_depth-98-21-19_mult-1.00	30726	DTR	NA	42	11	0.9994	0.0005	8	16.2602	Viruses;Duplodnaviria;Heunggongvirae;Uroviricota;Caudoviricetes;;
u1824271ctg_len-43451_circular-yes_depth-14-7-2_mult-1.00	43481	DTR	NA	65	11	0.9994	0.0005	1	13.4176	Viruses;Duplodnaviria;Heunggongvirae;Uroviricota;Caudoviricetes;;
u806287ctg_len-30618_circular-yes_depth-183-21-5_mult-1.00	30648	DTR	NA	40	11	0.9994	0.0005	6	15.7726	Viruses;Duplodnaviria;Heunggongvirae;Uroviricota;Caudoviricetes;;
u2006319ctg_len-23237_circular-yes_depth-13-11-1_mult-1.00	23267	DTR	NA	31	11	0.9994	0.0005	2	6.5056	Viruses;Duplodnaviria;Heunggongvirae;Uroviricota;Caudoviricetes;;
u171739ctg_len-28196_circular-yes_depth-352-224-118_mult-1.00	28226	DTR	NA	37	11	0.9994	0.0005	7	16.2307	Viruses;Duplodnaviria;Heunggongvirae;Uroviricota;Caudoviricetes;;
u1086747ctg_len-27978_circular-yes_depth-98-8-2_mult-1.00	28008	DTR	NA	38	11	0.9994	0.0005	7	15.9091	Viruses;Duplodnaviria;Heunggongvirae;Uroviricota;Caudoviricetes;;
u2548778ctg_len-27518_circular-yes_depth-37-26-4_mult-1.00	27548	DTR	NA	36	11	0.9994	0.0005	5	19.1913	Viruses;Duplodnaviria;Heunggongvirae;Uroviricota;Caudoviricetes;;
u1115839ctg_len-30405_circular-yes_depth-158-25-8_mult-1.00	30435	DTR	NA	38	11	0.9994	0.0005	6	16.0790	Viruses;Duplodnaviria;Heunggongvirae;Uroviricota;Caudoviricetes;;
u413338ctg_len-58278_circular-yes_depth-20-20-12_mult-1.00	58308	DTR	NA	71	11	0.9994	0.0005	2	18.0116	Viruses;Duplodnaviria;Heunggongvirae;Uroviricota;Caudoviricetes;;
u1737676ctg_len-32340_circular-yes_depth-39-33-19_mult-1.00	32370	DTR	NA	47	11	0.9994	0.0005	6	16.0446	Viruses;Duplodnaviria;Heunggongvirae;Uroviricota;Caudoviricetes;;
u2677134ctg_len-25021_circular-yes_depth-109-24-19_mult-1.00	25051	DTR	NA	33	11	0.9994	0.0005	7	14.4168	Viruses;Duplodnaviria;Heunggongvirae;Uroviricota;Caudoviricetes;;
u1113217ctg_len-26709_circular-yes_depth-145-6-3_mult-1.00	26739	DTR	NA	38	11	0.9994	0.0005	7	15.3102	Viruses;Duplodnaviria;Heunggongvirae;Uroviricota;Caudoviricetes;;
u279001ctg_len-33833_circular-yes_depth-60-11-2_mult-1.00	33863	DTR	NA	44	11	0.9994	0.0005	3	14.7687	Viruses;Duplodnaviria;Heunggongvirae;Uroviricota;Caudoviricetes;;
u2692439ctg_len-85686_circular-yes_depth-17-6-5_mult-1.02	85716	DTR	NA	128	11	0.9994	0.0005	14	67.1979	Viruses;Duplodnaviria;Heunggongvirae;Uroviricota;Caudoviricetes;;
u1076837ctg_len-69472_circular-yes_depth-34-34-17_mult-1.00	69502	DTR	NA	113	11	0.9994	0.0005	5	39.5100	Viruses;Duplodnaviria;Heunggongvirae;Uroviricota;Caudoviricetes;;
u2177813ctg_len-39423_circular-yes_depth-16-12-12_mult-1.00	39453	DTR	NA	61	11	0.9994	0.0005	5	32.3341	Viruses;Duplodnaviria;Heunggongvirae;Uroviricota;Caudoviricetes;;
u952024ctg_len-25023_circular-yes_depth-141-7-2_mult-1.00	25053	DTR	NA	32	11	0.9994	0.0005	6	13.7348	Viruses;Duplodnaviria;Heunggongvirae;Uroviricota;Caudoviricetes;;
u2706107ctg_len-31731_circular-yes_depth-64-27-9_mult-1.00	31761	DTR	NA	43	11	0.9994	0.0005	7	15.7891	Viruses;Duplodnaviria;Heunggongvirae;Uroviricota;Caudoviricetes;;
u243463ctg_len-30374_circular-yes_depth-129-30-13_mult-1.00	30404	DTR	NA	38	11	0.9994	0.0005	8	17.4581	Viruses;Duplodnaviria;Heunggongvirae;Uroviricota;Caudoviricetes;;
u1856060ctg_len-28081_circular-yes_depth-46-25-9_mult-1.00	28111	DTR	NA	38	11	0.9994	0.0005	6	14.8596	Viruses;Duplodnaviria;Heunggongvirae;Uroviricota;Caudoviricetes;;
u371642ctg_len-62359_circular-yes_depth-226-30-4_mult-1.50	62389	DTR	NA	83	11	0.9994	0.0005	15	29.0863	Viruses;Duplodnaviria;Heunggongvirae;Uroviricota;Caudoviricetes;;
u2120108ctg_len-27429_circular-yes_depth-356-34-9_mult-1.00	27459	DTR	NA	36	11	0.9994	0.0005	7	15.9706	Viruses;Duplodnaviria;Heunggongvirae;Uroviricota;Caudoviricetes;;
u2556778ctg_len-26757_circular-yes_depth-37-21-7_mult-1.00	26787	DTR	NA	34	11	0.9994	0.0006	6	14.5263	Viruses;Duplodnaviria;Heunggongvirae;Uroviricota;Caudoviricetes;;
u237142ctg_len-34952_circular-yes_depth-34-34-33_mult-1.00|provirus_2_28749	28748	Provirus	2-28749	42	11	0.9994	0.0006	10	24.6202	Viruses;Duplodnaviria;Heunggongvirae;Uroviricota;Caudoviricetes;;
u865510ctg_len-30864_circular-yes_depth-205-48-14_mult-1.00	30894	DTR	NA	40	11	0.9994	0.0006	7	14.0708	Viruses;Duplodnaviria;Heunggongvirae;Uroviricota;Caudoviricetes;;
u478252ctg_len-28068_circular-yes_depth-93-31-11_mult-1.00	28098	DTR	NA	38	11	0.9994	0.0006	6	15.0403	Viruses;Duplodnaviria;Heunggongvirae;Uroviricota;Caudoviricetes;;
u1926091ctg_len-30755_circular-yes_depth-122-18-6_mult-1.00	30785	DTR	NA	40	11	0.9994	0.0006	7	15.7891	Viruses;Duplodnaviria;Heunggongvirae;Uroviricota;Caudoviricetes;;
u1258035ctg_len-28812_circular-yes_depth-54-25-17_mult-1.00	28842	DTR	NA	39	11	0.9994	0.0006	6	17.0913	Viruses;Duplodnaviria;Heunggongvirae;Uroviricota;Caudoviricetes;;
u519425ctg_len-27661_circular-yes_depth-177-26-9_mult-1.00	27691	DTR	NA	36	11	0.9994	0.0006	7	15.3102	Viruses;Duplodnaviria;Heunggongvirae;Uroviricota;Caudoviricetes;;
u1600277ctg_len-28871_circular-yes_depth-79-76-35_mult-1.00	28901	DTR	NA	39	11	0.9994	0.0006	6	15.6197	Viruses;Duplodnaviria;Heunggongvirae;Uroviricota;Caudoviricetes;;
u276399ctg_len-26636_circular-yes_depth-227-8-2_mult-1.00	26666	DTR	NA	37	11	0.9994	0.0006	7	15.3914	Viruses;Duplodnaviria;Heunggongvirae;Uroviricota;Caudoviricetes;;
u1107383ctg_len-31251_circular-yes_depth-158-26-20_mult-1.00	31281	DTR	NA	43	11	0.9994	0.0006	7	15.7891	Viruses;Duplodnaviria;Heunggongvirae;Uroviricota;Caudoviricetes;;
u338645ctg_len-31263_circular-yes_depth-115-36-33_mult-1.00	31293	DTR	NA	42	11	0.9994	0.0006	6	15.0847	Viruses;Duplodnaviria;Heunggongvirae;Uroviricota;Caudoviricetes;;
u1247676ctg_len-57945_circular-yes_depth-15-14-8_mult-1.00	57975	DTR	NA	87	11	0.9994	0.0006	6	26.1919	Viruses;Duplodnaviria;Heunggongvirae;Uroviricota;Caudoviricetes;;
u1302031ctg_len-53715_circular-yes_depth-24-13-4_mult-1.10	53745	DTR	NA	70	11	0.9994	0.0006	13	31.2336	Viruses;Duplodnaviria;Heunggongvirae;Uroviricota;Caudoviricetes;;
u2183174ctg_len-4903739_circular-yes_depth-13-13-12_mult-1.00|provirus_2469485_2489276	19792	Provirus	2469485-2489276	24	11	0.9994	0.0006	4	8.9301	Viruses;Duplodnaviria;Heunggongvirae;Uroviricota;Caudoviricetes;;
u454294ctg_len-31266_circular-yes_depth-199-58-36_mult-1.00	31296	DTR	NA	42	11	0.9994	0.0006	8	15.7867	Viruses;Duplodnaviria;Heunggongvirae;Uroviricota;Caudoviricetes;;
u103845ctg_len-118760_circular-yes_depth-141-79-5_mult-1.76	118790	DTR	NA	126	11	0.9994	0.0006	4	27.1168	Viruses;Duplodnaviria;Heunggongvirae;Uroviricota;Caudoviricetes;;
u1118815ctg_len-154940_circular-yes_depth-45-11-2_mult-1.00	154970	DTR	NA	186	11	0.9994	0.0006	3	34.4107	Viruses;Duplodnaviria;Heunggongvirae;Uroviricota;Caudoviricetes;;
u658173ctg_len-27416_circular-yes_depth-357-27-8_mult-1.00	27446	DTR	NA	37	11	0.9994	0.0006	7	15.9706	Viruses;Duplodnaviria;Heunggongvirae;Uroviricota;Caudoviricetes;;
u1106550ctg_len-26241_circular-yes_depth-197-6-4_mult-1.00	26271	DTR	NA	38	11	0.9994	0.0006	7	13.4394	Viruses;Duplodnaviria;Heunggongvirae;Uroviricota;Caudoviricetes;;
u605083ctg_len-24622_circular-yes_depth-8-8-8_mult-1.00	24652	DTR	NA	29	11	0.9994	0.0006	2	10.3289	Viruses;Duplodnaviria;Heunggongvirae;Uroviricota;Caudoviricetes;;
u931051ctg_len-92923_circular-yes_depth-12-12-8_mult-1.00	92953	DTR	NA	117	11	0.9994	0.0006	9	65.0242	Viruses;Duplodnaviria;Heunggongvirae;Uroviricota;Caudoviricetes;;
u1608650ctg_len-27521_circular-yes_depth-272-106-5_mult-1.00	27551	DTR	NA	37	11	0.9994	0.0006	8	16.3562	Viruses;Duplodnaviria;Heunggongvirae;Uroviricota;Caudoviricetes;;
u1994570ctg_len-26602_circular-yes_depth-113-7-4_mult-1.00	26632	DTR	NA	39	11	0.9994	0.0006	7	15.0463	Viruses;Duplodnaviria;Heunggongvirae;Uroviricota;Caudoviricetes;;
u1459500ctg_len-31203_circular-yes_depth-191-94-4_mult-1.00	31233	DTR	NA	42	11	0.9994	0.0006	6	14.0766	Viruses;Duplodnaviria;Heunggongvirae;Uroviricota;Caudoviricetes;;
u1105647ctg_len-27699_circular-yes_depth-7-7-7_mult-1.00	27729	DTR	NA	38	11	0.9994	0.0006	4	17.2393	Viruses;Duplodnaviria;Heunggongvirae;Uroviricota;Caudoviricetes;;
u603648ctg_len-43677_circular-yes_depth-9-9-2_mult-1.00	43707	DTR	NA	58	11	0.9994	0.0006	3	10.2608	Viruses;Duplodnaviria;Heunggongvirae;Uroviricota;Caudoviricetes;;
u1336112ctg_len-31499_circular-yes_depth-152-29-4_mult-1.00	31529	DTR	NA	43	11	0.9994	0.0006	7	14.5444	Viruses;Duplodnaviria;Heunggongvirae;Uroviricota;Caudoviricetes;;
u1194928ctg_len-178777_circular-yes_depth-41-37-8_mult-1.00	178807	DTR	NA	149	11	0.9994	0.0006	3	50.4154	Viruses;Duplodnaviria;Heunggongvirae;Uroviricota;Caudoviricetes;;
u2566787ctg_len-46947_circular-yes_depth-24-7-2_mult-1.00	46977	DTR	NA	55	11	0.9994	0.0006	3	15.2689	Viruses;Duplodnaviria;Heunggongvirae;Uroviricota;Caudoviricetes;;
u2445578ctg_len-47415_circular-yes_depth-12-5-3_mult-1.00	47445	DTR	NA	60	11	0.9994	0.0006	3	16.9325	Viruses;Duplodnaviria;Heunggongvirae;Uroviricota;Caudoviricetes;;
u2384742ctg_len-26661_circular-yes_depth-50-5-4_mult-1.00	26691	DTR	NA	33	11	0.9994	0.0006	6	14.5263	Viruses;Duplodnaviria;Heunggongvirae;Uroviricota;Caudoviricetes;;
u2669486ctg_len-36031_circular-yes_depth-167-167-167_mult-1.00	36061	DTR	NA	32	11	0.9994	0.0006	2	8.2526	Viruses;Duplodnaviria;Heunggongvirae;Uroviricota;Caudoviricetes;;
u1597806ctg_len-30550_circular-yes_depth-11-11-10_mult-1.00	30580	DTR	NA	49	11	0.9994	0.0006	6	27.0335	Viruses;Duplodnaviria;Heunggongvirae;Uroviricota;Caudoviricetes;;
u1844904ctg_len-29298_circular-yes_depth-68-61-22_mult-1.00	29328	DTR	NA	39	11	0.9994	0.0006	6	15.6197	Viruses;Duplodnaviria;Heunggongvirae;Uroviricota;Caudoviricetes;;
u885724ctg_len-2678486_circular-yes_depth-10-8-6_mult-1.00|provirus_2603333_2643019	39687	Provirus	2603333-2643019	59	11	0.9994	0.0006	19	49.1175	Viruses;Duplodnaviria;Heunggongvirae;Uroviricota;Caudoviricetes;;
u311098ctg_len-29579_circular-yes_depth-11-9-6_mult-1.00	29609	DTR	NA	42	11	0.9994	0.0006	6	17.3934	Viruses;Duplodnaviria;Heunggongvirae;Uroviricota;Caudoviricetes;;
u196946ctg_len-3941425_circular-yes_depth-27-26-25_mult-1.00|provirus_1347804_1384464	36661	Provirus	1347804-1384464	53	11	0.9994	0.0006	13	44.3839	Viruses;Duplodnaviria;Heunggongvirae;Uroviricota;Caudoviricetes;;
u1145400ctg_len-27561_circular-yes_depth-39-25-1_mult-1.00	27591	DTR	NA	38	11	0.9994	0.0006	5	20.9096	Viruses;Duplodnaviria;Heunggongvirae;Uroviricota;Caudoviricetes;;
u286073ctg_len-27067_circular-yes_depth-32-19-12_mult-1.00	27097	DTR	NA	38	11	0.9994	0.0006	7	15.7370	Viruses;Duplodnaviria;Heunggongvirae;Uroviricota;Caudoviricetes;;
u2071424ctg_len-86493_circular-yes_depth-12-12-5_mult-1.00	86523	DTR	NA	89	11	0.9994	0.0006	4	27.9727	Viruses;Duplodnaviria;Heunggongvirae;Uroviricota;Caudoviricetes;Crassvirales;
u885724ctg_len-2678486_circular-yes_depth-10-8-6_mult-1.00|provirus_285473_358373	72901	Provirus	285473-358373	87	11	0.9994	0.0006	13	43.0256	Viruses;Duplodnaviria;Heunggongvirae;Uroviricota;Caudoviricetes;;
u596350ctg_len-57593_circular-yes_depth-8-7-3_mult-1.00	57623	DTR	NA	60	11	0.9994	0.0006	2	18.7138	Viruses;Duplodnaviria;Heunggongvirae;Uroviricota;Caudoviricetes;;
u2532978ctg_len-30780_circular-yes_depth-130-48-17_mult-1.00	30810	DTR	NA	41	11	0.9994	0.0006	7	14.5444	Viruses;Duplodnaviria;Heunggongvirae;Uroviricota;Caudoviricetes;;
u920760ctg_len-28414_circular-yes_depth-12-7-5_mult-1.00	28444	DTR	NA	40	11	0.9994	0.0006	2	20.2720	Viruses;Duplodnaviria;Heunggongvirae;Uroviricota;Caudoviricetes;;
u1598975ctg_len-27441_circular-yes_depth-26-5-4_mult-1.00	27471	DTR	NA	36	11	0.9994	0.0006	4	17.4239	Viruses;Duplodnaviria;Heunggongvirae;Uroviricota;Caudoviricetes;;
u1859739ctg_len-25863_circular-yes_depth-13-13-3_mult-1.00	25893	DTR	NA	29	11	0.9994	0.0006	1	6.8512	Viruses;Duplodnaviria;Heunggongvirae;Uroviricota;Caudoviricetes;;
u2029524ctg_len-37929_circular-yes_depth-7-7-7_mult-1.00	37959	DTR	NA	46	11	0.9994	0.0006	8	31.1346	Viruses;Duplodnaviria;Heunggongvirae;Uroviricota;Caudoviricetes;;
u2405149ctg_len-84952_circular-yes_depth-26-26-7_mult-1.00	84982	DTR	NA	73	11	0.9994	0.0006	4	23.6159	Viruses;Duplodnaviria;Heunggongvirae;Uroviricota;Caudoviricetes;;
u1251373ctg_len-46380_circular-yes_depth-20-19-12_mult-1.00	46410	DTR	NA	67	11	0.9994	0.0006	10	37.5508	Viruses;Duplodnaviria;Heunggongvirae;Uroviricota;Caudoviricetes;;
u2680657ctg_len-100868_circular-yes_depth-25-22-2_mult-1.00	100898	DTR	NA	113	11	0.9994	0.0006	3	17.9812	Viruses;Duplodnaviria;Heunggongvirae;Uroviricota;Caudoviricetes;;
u1249209ctg_len-35213_circular-yes_depth-20-20-7_mult-1.00	35243	DTR	NA	43	11	0.9994	0.0006	6	24.1126	Viruses;Duplodnaviria;Heunggongvirae;Uroviricota;Caudoviricetes;;
u1597898ctg_len-2469580_circular-yes_depth-35-35-20_mult-1.00|provirus_901782_930892	29111	Provirus	901782-930892	32	11	0.9994	0.0006	11	31.0382	Viruses;Duplodnaviria;Heunggongvirae;Uroviricota;Caudoviricetes;;
u2183174ctg_len-4903739_circular-yes_depth-13-13-12_mult-1.00|provirus_1_65891	65891	Provirus	1-65891	98	11	0.9994	0.0006	10	30.5873	Viruses;Duplodnaviria;Heunggongvirae;Uroviricota;Caudoviricetes;;
u1196594ctg_len-69163_circular-yes_depth-15-14-2_mult-1.00	69193	DTR	NA	97	11	0.9994	0.0006	1	19.6148	Viruses;Duplodnaviria;Heunggongvirae;Uroviricota;Caudoviricetes;;
u2113501ctg_len-27130_circular-yes_depth-17-7-6_mult-1.00	27160	DTR	NA	38	11	0.9994	0.0006	2	17.3963	Viruses;Duplodnaviria;Heunggongvirae;Uroviricota;Caudoviricetes;;
u73555ctg_len-71923_circular-yes_depth-14-14-11_mult-1.00	71953	DTR	NA	62	11	0.9994	0.0006	4	20.3879	Viruses;Duplodnaviria;Heunggongvirae;Uroviricota;Caudoviricetes;;
u2183174ctg_len-4903739_circular-yes_depth-13-13-12_mult-1.00|provirus_4450309_4463803	13495	Provirus	4450309-4463803	14	11	0.9994	0.0006	4	14.1341	Viruses;Duplodnaviria;Heunggongvirae;Uroviricota;Caudoviricetes;;
u1062027ctg_len-38788_circular-yes_depth-49-29-8_mult-1.00	38818	DTR	NA	44	11	0.9994	0.0006	8	29.9220	Viruses;Duplodnaviria;Heunggongvirae;Uroviricota;Caudoviricetes;;
u1326652ctg_len-36681_circular-yes_depth-9-9-4_mult-1.00	36711	DTR	NA	49	11	0.9994	0.0006	5	19.8139	Viruses;Duplodnaviria;Heunggongvirae;Uroviricota;Caudoviricetes;;
u2327320ctg_len-31551_circular-yes_depth-57-57-35_mult-1.00	31581	DTR	NA	39	11	0.9994	0.0006	4	15.3788	Viruses;Duplodnaviria;Heunggongvirae;Uroviricota;Caudoviricetes;;
u2385349ctg_len-150012_circular-yes_depth-9-8-4_mult-1.00	150042	DTR	NA	188	11	0.9994	0.0006	4	32.5517	Viruses;Duplodnaviria;Heunggongvirae;Uroviricota;Caudoviricetes;;
u905195ctg_len-28800_circular-yes_depth-8-7-7_mult-1.00	28830	DTR	NA	49	11	0.9994	0.0006	4	18.1792	Viruses;Duplodnaviria;Heunggongvirae;Uroviricota;Caudoviricetes;;
u2561210ctg_len-65126_circular-yes_depth-9-9-4_mult-1.00	65156	DTR	NA	58	11	0.9994	0.0006	4	30.2046	Viruses;Duplodnaviria;Heunggongvirae;Uroviricota;Caudoviricetes;;
u2573017ctg_len-154091_circular-yes_depth-16-8-1_mult-1.00	154121	DTR	NA	182	11	0.9994	0.0006	3	35.5744	Viruses;Duplodnaviria;Heunggongvirae;Uroviricota;Caudoviricetes;;
u1716999ctg_len-93547_circular-yes_depth-64-64-23_mult-1.00	93577	DTR	NA	80	11	0.9994	0.0006	3	23.2234	Viruses;Duplodnaviria;Heunggongvirae;Uroviricota;Caudoviricetes;Crassvirales;
u1735702ctg_len-26303_circular-yes_depth-9-6-4_mult-1.00	26333	DTR	NA	39	11	0.9994	0.0006	6	23.4053	Viruses;Duplodnaviria;Heunggongvirae;Uroviricota;Caudoviricetes;;
u642743ctg_len-2944078_circular-yes_depth-781-781-775_mult-1.00|provirus_2514346_2523781	9436	Provirus	2514346-2523781	11	11	0.9994	0.0006	1	7.5284	Viruses;Duplodnaviria;Heunggongvirae;Uroviricota;Caudoviricetes;;
u399430ctg_len-53523_circular-yes_depth-60-15-3_mult-1.00	53553	DTR	NA	56	11	0.9994	0.0006	2	17.3422	Viruses;Duplodnaviria;Heunggongvirae;Uroviricota;Caudoviricetes;;
u2038656ctg_len-3378781_circular-yes_depth-21-20-20_mult-1.00|provirus_2822523_2834628	12106	Provirus	2822523-2834628	20	11	0.9994	0.0006	0	9.1146	Viruses;Varidnaviria;Helvetiavirae;Dividoviricota;Laserviricetes;Halopanivirales;Matsushitaviridae
u2573306ctg_len-85282_circular-yes_depth-16-7-4_mult-1.74	85312	DTR	NA	90	11	0.9994	0.0006	4	37.4501	Viruses;Duplodnaviria;Heunggongvirae;Uroviricota;Caudoviricetes;;
u1350453ctg_len-27394_circular-yes_depth-27-11-1_mult-1.00	27424	DTR	NA	38	11	0.9994	0.0006	5	21.8326	Viruses;Duplodnaviria;Heunggongvirae;Uroviricota;Caudoviricetes;;
u1877398ctg_len-31802_circular-yes_depth-9-8-6_mult-1.00	31832	DTR	NA	47	11	0.9994	0.0006	5	16.5451	Viruses;Duplodnaviria;Heunggongvirae;Uroviricota;Caudoviricetes;;
u1634343ctg_len-3192067_circular-yes_depth-795-774-615_mult-1.00|provirus_1742326_1765808	23483	Provirus	1742326-1765808	40	11	0.9994	0.0006	7	24.7986	Viruses;Duplodnaviria;Heunggongvirae;Uroviricota;Caudoviricetes;;
u554563ctg_len-54174_circular-yes_depth-87-40-5_mult-1.00	54204	DTR	NA	59	11	0.9993	0.0006	2	19.0765	Viruses;Duplodnaviria;Heunggongvirae;Uroviricota;Caudoviricetes;;
u2055891ctg_len-173121_circular-yes_depth-12-12-10_mult-1.00	173151	DTR	NA	177	11	0.9993	0.0006	4	40.9934	Viruses;Duplodnaviria;Heunggongvirae;Uroviricota;Caudoviricetes;;
u1942658ctg_len-19408_circular-yes_depth-62-60-13_mult-1.00	19438	DTR	NA	27	11	0.9993	0.0006	1	2.8518	Viruses;Duplodnaviria;Heunggongvirae;Uroviricota;Caudoviricetes;;
u262011ctg_len-3211958_circular-yes_depth-16-16-15_mult-1.00|provirus_1750694_1771484	20791	Provirus	1750694-1771484	44	11	0.9993	0.0006	1	14.3731	Viruses;Varidnaviria;Helvetiavirae;Dividoviricota;Laserviricetes;Halopanivirales;Matsushitaviridae
u196946ctg_len-3941425_circular-yes_depth-27-26-25_mult-1.00|provirus_1888773_1932574	43802	Provirus	1888773-1932574	49	11	0.9993	0.0006	11	34.3446	Viruses;Duplodnaviria;Heunggongvirae;Uroviricota;Caudoviricetes;;
u1362008ctg_len-44209_circular-yes_depth-13-6-5_mult-1.00	44239	DTR	NA	52	11	0.9993	0.0006	7	34.4804	Viruses;Duplodnaviria;Heunggongvirae;Uroviricota;Caudoviricetes;;
u196946ctg_len-3941425_circular-yes_depth-27-26-25_mult-1.00|provirus_2277863_2324321	46459	Provirus	2277863-2324321	63	11	0.9993	0.0006	8	42.4690	Viruses;Duplodnaviria;Heunggongvirae;Uroviricota;Caudoviricetes;;
u196946ctg_len-3941425_circular-yes_depth-27-26-25_mult-1.00|provirus_2642046_2654450	12405	Provirus	2642046-2654450	14	11	0.9993	0.0006	5	18.4010	Viruses;Duplodnaviria;Heunggongvirae;Uroviricota;Caudoviricetes;;
u2620938ctg_len-19624_circular-yes_depth-55-37-5_mult-1.00	19654	DTR	NA	27	11	0.9993	0.0006	1	4.4670	Viruses;Duplodnaviria;Heunggongvirae;Uroviricota;Caudoviricetes;;
u196946ctg_len-3941425_circular-yes_depth-27-26-25_mult-1.00|provirus_1949915_1990688	40774	Provirus	1949915-1990688	49	11	0.9993	0.0006	12	37.5811	Viruses;Duplodnaviria;Heunggongvirae;Uroviricota;Caudoviricetes;;
u2038656ctg_len-3378781_circular-yes_depth-21-20-20_mult-1.00|provirus_402877_422819	19943	Provirus	402877-422819	43	11	0.9993	0.0006	1	13.1652	Viruses;Varidnaviria;Helvetiavirae;Dividoviricota;Laserviricetes;Halopanivirales;Matsushitaviridae
u1187394ctg_len-92236_circular-yes_depth-87-81-51_mult-1.00	92266	DTR	NA	103	11	0.9993	0.0006	6	18.5840	Viruses;Duplodnaviria;Heunggongvirae;Uroviricota;Caudoviricetes;;
u392634ctg_len-63529_circular-yes_depth-22-14-5_mult-1.00	63559	DTR	NA	87	11	0.9993	0.0006	2	17.6363	Viruses;Duplodnaviria;Heunggongvirae;Uroviricota;Caudoviricetes;;
u196946ctg_len-3941425_circular-yes_depth-27-26-25_mult-1.00|provirus_750775_815017	64243	Provirus	750775-815017	71	11	0.9993	0.0006	11	32.5381	Viruses;Duplodnaviria;Heunggongvirae;Uroviricota;Caudoviricetes;;
u419356ctg_len-54347_circular-yes_depth-55-44-17_mult-1.00	54377	DTR	NA	59	11	0.9993	0.0006	2	19.0765	Viruses;Duplodnaviria;Heunggongvirae;Uroviricota;Caudoviricetes;;
u2393373ctg_len-3709755_circular-yes_depth-44-33-24_mult-1.00|provirus_3089975_3111363	21389	Provirus	3089975-3111363	43	11	0.9992	0.0006	1	14.3736	Viruses;Varidnaviria;Helvetiavirae;Dividoviricota;Laserviricetes;Halopanivirales;Matsushitaviridae
u1681581ctg_len-32526_circular-yes_depth-25-25-1_mult-1.00	32556	DTR	NA	42	11	0.9992	0.0006	5	14.2935	Viruses;Duplodnaviria;Heunggongvirae;Uroviricota;Caudoviricetes;;
u767024ctg_len-55860_circular-yes_depth-21-12-5_mult-1.00	55890	DTR	NA	67	11	0.9992	0.0006	3	24.6559	Viruses;Duplodnaviria;Heunggongvirae;Uroviricota;Caudoviricetes;;
u1804045ctg_len-382135_circular-yes_depth-11-11-6_mult-1.00	382165	DTR	NA	392	11	0.9992	0.0006	18	223.7068	Viruses;Duplodnaviria;Heunggongvirae;Uroviricota;Caudoviricetes;;
u61430ctg_len-3594202_circular-yes_depth-47-41-33_mult-1.00|provirus_3411585_3433189	21605	Provirus	3411585-3433189	42	11	0.9992	0.0006	1	13.3795	Viruses;Varidnaviria;Helvetiavirae;Dividoviricota;Laserviricetes;Halopanivirales;Matsushitaviridae
u196946ctg_len-3941425_circular-yes_depth-27-26-25_mult-1.00|provirus_954036_997161	43126	Provirus	954036-997161	52	11	0.9992	0.0006	10	37.7135	Viruses;Duplodnaviria;Heunggongvirae;Uroviricota;Caudoviricetes;;
u61430ctg_len-3594202_circular-yes_depth-47-41-33_mult-1.00|provirus_718425_760648	42224	Provirus	718425-760648	66	11	0.9992	0.0006	10	38.0896	Viruses;Duplodnaviria;Heunggongvirae;Uroviricota;Caudoviricetes;;
u666261ctg_len-28856_circular-yes_depth-52-50-49_mult-1.00	28886	DTR	NA	37	11	0.9992	0.0006	2	6.8102	Viruses;Duplodnaviria;Heunggongvirae;Uroviricota;Caudoviricetes;;
u2407836ctg_len-36754_circular-yes_depth-14-13-7_mult-1.00	36784	DTR	NA	55	11	0.9992	0.0006	5	15.5710	Viruses;Duplodnaviria;Heunggongvirae;Uroviricota;Caudoviricetes;;
u1220427ctg_len-17218_circular-yes_depth-11-11-1_mult-1.00	17248	DTR	NA	22	11	0.9992	0.0006	2	5.9554	Viruses;Duplodnaviria;Heunggongvirae;Uroviricota;Caudoviricetes;;
u1752406ctg_len-75246_circular-yes_depth-664-661-119_mult-1.00	75276	DTR	NA	86	11	0.9992	0.0006	5	25.7523	Viruses;Duplodnaviria;Heunggongvirae;Uroviricota;Caudoviricetes;;
u1355516ctg_len-26068_circular-yes_depth-21-21-18_mult-1.00	26098	DTR	NA	37	11	0.9991	0.0006	5	13.3484	Viruses;Duplodnaviria;Heunggongvirae;Uroviricota;Caudoviricetes;;
u262011ctg_len-3211958_circular-yes_depth-16-16-15_mult-1.00|provirus_2251848_2271095	19248	Provirus	2251848-2271095	41	11	0.9991	0.0006	1	13.1665	Viruses;Varidnaviria;Helvetiavirae;Dividoviricota;Laserviricetes;Halopanivirales;Matsushitaviridae
u61430ctg_len-3594202_circular-yes_depth-47-41-33_mult-1.00|provirus_767306_785928	18623	Provirus	767306-785928	26	11	0.9991	0.0006	3	20.5598	Viruses;Duplodnaviria;Heunggongvirae;Uroviricota;Caudoviricetes;;
u1023848ctg_len-9268_circular-yes_depth-10-10-10_mult-1.00	9298	DTR	NA	17	11	0.9991	0.0006	0	2.8043	Viruses;Duplodnaviria;Heunggongvirae;Uroviricota;Caudoviricetes;;
u1744897ctg_len-69335_circular-yes_depth-88-88-14_mult-1.00	69365	DTR	NA	61	11	0.9990	0.0006	3	13.4446	Viruses;Duplodnaviria;Heunggongvirae;Uroviricota;Caudoviricetes;;
u1717430ctg_len-2989622_circular-yes_depth-81-69-46_mult-1.00|provirus_10866_30010	19145	Provirus	10866-30010	38	11	0.9990	0.0006	1	13.3474	Viruses;Varidnaviria;Helvetiavirae;Dividoviricota;Laserviricetes;Halopanivirales;Matsushitaviridae
u2393373ctg_len-3709755_circular-yes_depth-44-33-24_mult-1.00|provirus_930532_964762	34231	Provirus	930532-964762	52	11	0.9989	0.0006	6	24.8832	Viruses;Duplodnaviria;Heunggongvirae;Uroviricota;Caudoviricetes;;
u486229ctg_len-19408_circular-yes_depth-62-57-30_mult-1.00	19438	DTR	NA	27	11	0.9989	0.0006	1	4.5701	Viruses;Duplodnaviria;Heunggongvirae;Uroviricota;Caudoviricetes;;
u2636471ctg_len-20881_circular-yes_depth-28-18-7_mult-1.00	20911	DTR	NA	42	11	0.9988	0.0006	1	8.8227	Viruses;Varidnaviria;Helvetiavirae;Dividoviricota;Laserviricetes;Halopanivirales;Matsushitaviridae
u2586890ctg_len-5939543_circular-yes_depth-92-81-71_mult-1.20|provirus_3534057_3552601	18545	Provirus	3534057-3552601	36	11	0.9988	0.0006	1	11.7303	Viruses;Varidnaviria;Helvetiavirae;Dividoviricota;Laserviricetes;Halopanivirales;Matsushitaviridae
u2586890ctg_len-5939543_circular-yes_depth-92-81-71_mult-1.20|provirus_641031_660750	19720	Provirus	641031-660750	37	11	0.9988	0.0006	1	11.7290	Viruses;Varidnaviria;Helvetiavirae;Dividoviricota;Laserviricetes;Halopanivirales;Matsushitaviridae
u54464ctg_len-83087_circular-yes_depth-6-6-6_mult-1.00	83117	DTR	NA	92	11	0.9987	0.0006	2	20.9814	Viruses;Duplodnaviria;Heunggongvirae;Uroviricota;Caudoviricetes;;
u1247617ctg_len-19822_circular-yes_depth-53-53-25_mult-1.00	19852	DTR	NA	40	11	0.9987	0.0006	1	12.0999	Viruses;Varidnaviria;Helvetiavirae;Dividoviricota;Laserviricetes;Halopanivirales;Matsushitaviridae
u2586890ctg_len-5939543_circular-yes_depth-92-81-71_mult-1.20|provirus_2944145_2978144	34000	Provirus	2944145-2978144	57	11	0.9986	0.0006	5	26.2011	Viruses;Duplodnaviria;Heunggongvirae;Uroviricota;Caudoviricetes;;
u1448130ctg_len-214277_circular-yes_depth-16-14-5_mult-1.87	214307	DTR	NA	217	11	0.9985	0.0006	6	158.4296	Viruses;Duplodnaviria;Heunggongvirae;Uroviricota;Caudoviricetes;;
u2144405ctg_len-30298_circular-yes_depth-7-7-7_mult-1.00	30328	DTR	NA	41	11	0.9985	0.0006	4	13.4761	Viruses;Duplodnaviria;Heunggongvirae;Uroviricota;Caudoviricetes;;
u2708410ctg_len-34432_circular-yes_depth-29-7-3_mult-1.00	34462	DTR	NA	50	11	0.9984	0.0006	10	31.9818	Viruses;Duplodnaviria;Heunggongvirae;Uroviricota;Caudoviricetes;;
u2318851ctg_len-20131_circular-yes_depth-18-18-18_mult-1.00	20161	DTR	NA	41	11	0.9983	0.0006	1	13.9441	Viruses;Varidnaviria;Helvetiavirae;Dividoviricota;Laserviricetes;Halopanivirales;Matsushitaviridae
u1480689ctg_len-19822_circular-yes_depth-57-55-16_mult-1.00	19852	DTR	NA	41	11	0.9983	0.0006	1	12.0999	Viruses;Varidnaviria;Helvetiavirae;Dividoviricota;Laserviricetes;Halopanivirales;Matsushitaviridae
u866447ctg_len-31999_circular-yes_depth-9-9-1_mult-1.00	32029	DTR	NA	49	11	0.9982	0.0006	4	19.3015	Viruses;Duplodnaviria;Heunggongvirae;Uroviricota;Caudoviricetes;;
u1472734ctg_len-30081_circular-yes_depth-12-12-5_mult-1.00	30111	DTR	NA	41	11	0.9978	0.0007	5	12.9218	Viruses;Duplodnaviria;Heunggongvirae;Uroviricota;Caudoviricetes;;
u2376129ctg_len-34834_circular-yes_depth-25-16-6_mult-1.00	34864	DTR	NA	50	11	0.9973	0.0007	10	30.1382	Viruses;Duplodnaviria;Heunggongvirae;Uroviricota;Caudoviricetes;;
u2345820ctg_len-21963_circular-yes_depth-13-13-2_mult-1.00	21993	DTR	NA	33	11	0.9962	0.0007	1	4.7143	Viruses;Duplodnaviria;Heunggongvirae;Uroviricota;Caudoviricetes;;
u251892ctg_len-397841_circular-yes_depth-10-9-5_mult-1.00	397871	DTR	NA	385	11	0.9959	0.0007	13	161.1758	Viruses;Duplodnaviria;Heunggongvirae;Uroviricota;Caudoviricetes;;
u1206103ctg_len-30109_circular-yes_depth-7-7-3_mult-1.00	30139	DTR	NA	42	11	0.9944	0.0007	5	14.1412	Viruses;Duplodnaviria;Heunggongvirae;Uroviricota;Caudoviricetes;;
u1806690ctg_len-11773_circular-yes_depth-12-12-12_mult-1.00	11803	DTR	NA	19	11	0.9939	0.0007	0	0.0000	Unclassified
u1375147ctg_len-137258_circular-yes_depth-16-15-6_mult-1.97	137288	DTR	NA	114	11	0.9936	0.0008	6	15.9395	Viruses;Duplodnaviria;Heunggongvirae;Uroviricota;Caudoviricetes;;
u2130806ctg_len-25937_circular-yes_depth-29-20-1_mult-1.00	25967	DTR	NA	26	11	0.9912	0.0008	2	4.4170	Viruses;Duplodnaviria;Heunggongvirae;Uroviricota;Caudoviricetes;;
u1349951ctg_len-34621_circular-yes_depth-64-64-43_mult-1.00	34651	DTR	NA	39	11	0.9858	0.0009	1	8.9885	Viruses;Duplodnaviria;Heunggongvirae;Uroviricota;Caudoviricetes;;
u2112282ctg_len-80391_circular-yes_depth-12-12-4_mult-1.00	80421	DTR	NA	94	11	0.9851	0.0009	3	11.0949	Viruses;Duplodnaviria;Heunggongvirae;Uroviricota;Caudoviricetes;;
u2151626ctg_len-36368_circular-yes_depth-34-34-23_mult-1.00	36398	DTR	NA	41	11	0.9822	0.0010	1	11.6805	Viruses;Duplodnaviria;Heunggongvirae;Uroviricota;Caudoviricetes;;
u1748411ctg_len-2852486_circular-yes_depth-17-14-8_mult-1.00|provirus_2695105_2725019	29915	Provirus	2695105-2725019	28	11	0.9773	0.0011	12	23.1940	Viruses;Duplodnaviria;Heunggongvirae;Uroviricota;Caudoviricetes;;
u2097483ctg_len-139217_circular-yes_depth-202-202-18_mult-1.00|provirus_50767_139247	88481	Provirus	50767-139247	145	11	0.9731	0.0012	0	14.8960	Viruses;Duplodnaviria;Heunggongvirae;Uroviricota;Caudoviricetes;;
u2038656ctg_len-3378781_circular-yes_depth-21-20-20_mult-1.00|provirus_2583424_2620340	36917	Provirus	2583424-2620340	58	11	0.9652	0.0013	7	23.2871	Viruses;Duplodnaviria;Heunggongvirae;Uroviricota;Caudoviricetes;;
u2315514ctg_len-131211_circular-yes_depth-187-182-22_mult-1.00|provirus_67484_108579	41096	Provirus	67484-108579	61	11	0.9545	0.0015	0	8.8304	Viruses;Duplodnaviria;Heunggongvirae;Uroviricota;Caudoviricetes;;
u1361237ctg_len-32314_circular-yes_depth-10-10-6_mult-1.00	32344	DTR	NA	41	11	0.9539	0.0017	6	12.0598	Viruses;Duplodnaviria;Heunggongvirae;Uroviricota;Caudoviricetes;;
u1327694ctg_len-34729_circular-yes_depth-17-17-6_mult-1.00	34759	DTR	NA	40	11	0.9461	0.0019	1	8.9885	Viruses;Duplodnaviria;Heunggongvirae;Uroviricota;Caudoviricetes;;
u1002948ctg_len-35671_circular-yes_depth-8-8-6_mult-1.00	35701	DTR	NA	37	11	0.9435	0.0021	1	9.9834	Viruses;Duplodnaviria;Heunggongvirae;Uroviricota;Caudoviricetes;;
u1520718ctg_len-20583_circular-yes_depth-7461-7461-1541_mult-1.00	20613	DTR	NA	35	11	0.9302	0.0024	1	7.2703	Viruses;Duplodnaviria;Heunggongvirae;Uroviricota;Caudoviricetes;;
u454243ctg_len-63697_circular-yes_depth-21-2-1_mult-1.00	63727	DTR	NA	69	11	0.9023	0.0028	3	10.9213	Viruses;Duplodnaviria;Heunggongvirae;Uroviricota;Caudoviricetes;;
u1910574ctg_len-3761411_circular-yes_depth-18-18-18_mult-1.00|provirus_1355062_1371804	16743	Provirus	1355062-1371804	18	11	0.8768	0.0033	5	15.0465	Viruses;Duplodnaviria;Heunggongvirae;Uroviricota;Caudoviricetes;;
