gene	start	end	length	strand	gc_content	genetic_code	rbs_motif	marker	evalue	bitscore	uscg	plasmid_hallmark	virus_hallmark	taxid	taxname	annotation_conjscan	annotation_amr	annotation_accessions	annotation_description
BK062760.1_1	294	650	357	-1	0.557	11	GGAG/GAGG	GENOMAD.061181.VV	1.502e-23	97	0	0	0	8278	Ackermannviridae	NA	NA	PF11351	NA
BK062760.1_2	655	831	177	-1	0.616	11	None	NA	NA	NA	0	0	0	1	NA	NA	NA	NA	NA
BK062760.1_3	828	1109	282	-1	0.613	11	GGA/GAG/AGG	NA	NA	NA	0	0	0	1	NA	NA	NA	NA	NA
BK062760.1_4	1106	1267	162	-1	0.611	11	AGGA	NA	NA	NA	0	0	0	1	NA	NA	NA	NA	NA
BK062760.1_5	1272	1889	618	-1	0.592	11	GGxGG	GENOMAD.194903.CP	1.135e-06	51	0	0	0	1	NA	NA	NA	PF19489;COG4764	Transglycosylase SLT domain
BK062760.1_6	1889	2725	837	-1	0.541	11	GGA/GAG/AGG	NA	NA	NA	0	0	0	1	NA	NA	NA	NA	NA
BK062760.1_7	2728	3252	525	-1	0.556	11	AGxAGG/AGGxGG	NA	NA	NA	0	0	0	1	NA	NA	NA	NA	NA
BK062760.1_8	3242	3655	414	-1	0.577	11	GGA/GAG/AGG	NA	NA	NA	0	0	0	1	NA	NA	NA	NA	NA
BK062760.1_9	3652	3876	225	-1	0.573	11	GGAG/GAGG	NA	NA	NA	0	0	0	1	NA	NA	NA	NA	NA
BK062760.1_10	3881	4204	324	-1	0.593	11	GGA/GAG/AGG	NA	NA	NA	0	0	0	1	NA	NA	NA	NA	NA
BK062760.1_11	4273	5232	960	-1	0.532	11	AGGAG	NA	NA	NA	0	0	0	1	NA	NA	NA	NA	NA
BK062760.1_12	5243	5353	111	-1	0.468	11	GGA/GAG/AGG	NA	NA	NA	0	0	0	1	NA	NA	NA	NA	NA
BK062760.1_13	5525	5890	366	1	0.563	11	GGAG/GAGG	NA	NA	NA	0	0	0	1	NA	NA	NA	NA	NA
BK062760.1_14	5894	6388	495	1	0.630	11	GGAG/GAGG	NA	NA	NA	0	0	0	1	NA	NA	NA	NA	NA
BK062760.1_15	6385	6936	552	1	0.632	11	AGGA	NA	NA	NA	0	0	0	1	NA	NA	NA	NA	NA
BK062760.1_16	6942	7421	480	1	0.637	11	GGAG/GAGG	GENOMAD.143084.VV	3.762e-11	63	0	0	0	2561	Caudoviricetes	NA	NA	PF08291;COG3108;K08640	Peptidase M15
BK062760.1_17	7423	7659	237	1	0.603	11	GGA/GAG/AGG	GENOMAD.182646.VP	3.274e-14	68	0	0	0	2561	Caudoviricetes	NA	NA	NA	NA
BK062760.1_18	7613	8272	660	1	0.564	11	GGA/GAG/AGG	NA	NA	NA	0	0	0	1	NA	NA	NA	NA	NA
BK062760.1_19	8084	8578	495	-1	0.554	11	GGxGG	NA	NA	NA	0	0	0	1	NA	NA	NA	NA	NA
BK062760.1_20	8575	8826	252	-1	0.552	11	None	NA	NA	NA	0	0	0	1	NA	NA	NA	NA	NA
OM867525.1_1	1	417	417	1	0.403	11	None	NA	NA	NA	0	0	0	1	NA	NA	NA	NA	NA
OM867525.1_2	407	547	141	-1	0.440	11	GGAG/GAGG	NA	NA	NA	0	0	0	1	NA	NA	NA	NA	NA
OM867525.1_3	544	714	171	-1	0.421	11	GGA/GAG/AGG	NA	NA	NA	0	0	0	1	NA	NA	NA	NA	NA
OM867525.1_4	711	914	204	-1	0.456	11	GGA/GAG/AGG	NA	NA	NA	0	0	0	1	NA	NA	NA	NA	NA
OM867525.1_5	916	1278	363	-1	0.435	11	GGA/GAG/AGG	NA	NA	NA	0	0	0	1	NA	NA	NA	NA	NA
OM867525.1_6	1256	1711	456	-1	0.509	11	GGA/GAG/AGG	GENOMAD.208017.VP	8.929e-27	108	0	0	0	2561	Caudoviricetes	NA	NA	NA	NA
OM867525.1_7	1653	1973	321	-1	0.427	11	GGA/GAG/AGG	GENOMAD.016148.VV	1.07e-05	45	0	0	1	2561	Caudoviricetes	NA	NA	PF16778	Phage tail assembly chaperone protein
OM867525.1_8	1970	2497	528	-1	0.481	11	GGAGG	GENOMAD.076850.VV	6.372e-08	54	0	0	0	2561	Caudoviricetes	NA	NA	NA	NA
OM867525.1_9	2497	3024	528	-1	0.438	11	AGGAG	NA	NA	NA	0	0	0	1	NA	NA	NA	NA	NA
OM867525.1_10	3036	3530	495	-1	0.448	11	GGA/GAG/AGG	NA	NA	NA	0	0	0	1	NA	NA	NA	NA	NA
OM867525.1_11	3530	3904	375	-1	0.451	11	AGGAG/GGAGG	GENOMAD.226774.VP	3.432e-17	79	0	0	0	1	NA	NA	NA	NA	NA
OM867525.1_12	3882	4094	213	-1	0.512	11	AGxAGG/AGGxGG	NA	NA	NA	0	0	0	1	NA	NA	NA	NA	NA
OM867525.1_13	4104	4364	261	-1	0.510	11	AGxAGG/AGGxGG	NA	NA	NA	0	0	0	1	NA	NA	NA	NA	NA
OM867525.1_14	4374	5165	792	-1	0.465	11	AGxAGG/AGGxGG	GENOMAD.220289.VP	1.594e-27	115	0	0	1	9306	Corticoviridae	NA	NA	PF18628	Viral coat protein P2 N-terminal domain
OM867525.1_15	5180	5275	96	-1	0.417	11	GGAG/GAGG	NA	NA	NA	0	0	0	1	NA	NA	NA	NA	NA
OM867525.1_16	5405	6055	651	-1	0.441	11	GGA/GAG/AGG	GENOMAD.220705.VP	8.72e-27	111	0	0	0	9306	Corticoviridae	NA	NA	PF03266;COG1618;TIGR04569	NTPase
OM867525.1_17	6045	6530	486	-1	0.473	11	AGGA	GENOMAD.225424.VP	7.683e-24	100	0	0	0	1	NA	NA	NA	NA	NA
OM867525.1_18	6512	6718	207	-1	0.353	11	GGA/GAG/AGG	NA	NA	NA	0	0	0	1	NA	NA	NA	NA	NA
OM867525.1_19	6721	7032	312	-1	0.484	11	GGxGG	GENOMAD.222347.VP	1.953e-06	47	0	0	0	1	NA	NA	NA	NA	NA
OM867525.1_20	7029	7247	219	-1	0.388	11	AGGAG	NA	NA	NA	0	0	0	1	NA	NA	NA	NA	NA
OM867525.1_21	7412	8134	723	1	0.443	11	AGGA	NA	NA	NA	0	0	0	1	NA	NA	NA	NA	NA
OM867525.1_22	8643	9251	609	-1	0.463	11	4Base/6BMM	GENOMAD.222596.PV	1.086e-65	223	0	0	0	1	NA	NA	NA	NA	NA
OM867525.1_23	9470	9751	282	1	0.394	11	AGGAG	GENOMAD.224266.VP	1.934e-33	124	0	0	0	1	NA	NA	NA	PF08667;COG5606;TIGR00673;K22299	Predicted DNA-binding protein, XRE-type HTH domain
MZ230992.1_1	3	176	174	-1	0.517	11	GGAG/GAGG	NA	NA	NA	0	0	0	1	NA	NA	NA	NA	NA
MZ230992.1_2	238	414	177	-1	0.458	11	GGA/GAG/AGG	NA	NA	NA	0	0	0	1	NA	NA	NA	NA	NA
MZ230992.1_3	386	2287	1902	-1	0.439	11	None	GENOMAD.119594.VV	9.866e-243	758	0	0	0	9306	Corticoviridae	NA	NA	NA	NA
MZ230992.1_4	2287	2634	348	-1	0.434	11	GGAG/GAGG	NA	NA	NA	0	0	0	1	NA	NA	NA	NA	NA
MZ230992.1_5	2631	2858	228	-1	0.500	11	GGAGG	NA	NA	NA	0	0	0	1	NA	NA	NA	NA	NA
MZ230992.1_6	3007	3222	216	1	0.431	11	GGAG/GAGG	NA	NA	NA	0	0	0	1	NA	NA	NA	NA	NA
MZ230992.1_7	3561	3992	432	1	0.509	11	GGAG/GAGG	GENOMAD.226465.VP	5.059e-11	62	0	0	1	1	NA	NA	NA	PF12375	Phage protein
MZ230992.1_8	4019	4129	111	-1	0.432	11	GGA/GAG/AGG	NA	NA	NA	0	0	0	1	NA	NA	NA	NA	NA
MZ230992.1_9	4365	4571	207	-1	0.512	11	GGAG/GAGG	NA	NA	NA	0	0	0	1	NA	NA	NA	NA	NA
MZ230992.1_10	4568	4954	387	-1	0.478	11	GGAG/GAGG	NA	NA	NA	0	0	0	1	NA	NA	NA	NA	NA
MZ230992.1_11	4932	5390	459	-1	0.499	11	GGAG/GAGG	GENOMAD.205356.VP	2.459e-24	101	0	0	0	2561	Caudoviricetes	NA	NA	NA	NA
MZ230992.1_12	5329	5523	195	-1	0.487	11	GGAG/GAGG	NA	NA	NA	0	0	0	1	NA	NA	NA	NA	NA
MZ230992.1_13	5525	6232	708	-1	0.453	11	GGAGG	NA	NA	NA	0	0	0	1	NA	NA	NA	NA	NA
MZ230992.1_14	6232	6774	543	-1	0.468	11	GGAG/GAGG	NA	NA	NA	0	0	0	1	NA	NA	NA	NA	NA
MZ230992.1_15	6774	7223	450	-1	0.496	11	GGA/GAG/AGG	NA	NA	NA	0	0	0	1	NA	NA	NA	NA	NA
MZ230992.1_16	7226	7603	378	-1	0.481	11	None	GENOMAD.226774.VP	8.784e-65	216	0	0	0	1	NA	NA	NA	NA	NA
MZ230992.1_17	7584	7790	207	-1	0.527	11	AGxAGG/AGGxGG	NA	NA	NA	0	0	0	1	NA	NA	NA	NA	NA
MZ230992.1_18	7802	8050	249	-1	0.526	11	AGxAGG/AGGxGG	NA	NA	NA	0	0	0	1	NA	NA	NA	NA	NA
MZ230992.1_19	8064	8861	798	-1	0.481	11	GGA/GAG/AGG	GENOMAD.220289.VP	8.323e-26	110	0	0	1	9306	Corticoviridae	NA	NA	PF18628	Viral coat protein P2 N-terminal domain
MZ230992.1_20	9165	9839	675	-1	0.513	11	AGxAGG/AGGxGG	NA	NA	NA	0	0	0	1	NA	NA	NA	NA	NA
MZ230992.1_21	9823	10320	498	-1	0.528	11	GGxGG	NA	NA	NA	0	0	0	1	NA	NA	NA	NA	NA
MZ230992.1_22	10313	10597	285	-1	0.516	11	None	NA	NA	NA	0	0	0	1	NA	NA	NA	NA	NA
MZ230993.1_1	3	176	174	-1	0.500	11	GGAG/GAGG	NA	NA	NA	0	0	0	1	NA	NA	NA	NA	NA
MZ230993.1_2	238	414	177	-1	0.452	11	GGA/GAG/AGG	NA	NA	NA	0	0	0	1	NA	NA	NA	NA	NA
MZ230993.1_3	386	2287	1902	-1	0.443	11	GGA/GAG/AGG	GENOMAD.119594.VV	4.844e-242	756	0	0	0	9306	Corticoviridae	NA	NA	NA	NA
MZ230993.1_4	2284	2634	351	-1	0.450	11	GGAG/GAGG	NA	NA	NA	0	0	0	1	NA	NA	NA	NA	NA
MZ230993.1_5	2631	2858	228	-1	0.478	11	GGAGG	NA	NA	NA	0	0	0	1	NA	NA	NA	NA	NA
MZ230993.1_6	3007	3276	270	1	0.411	11	GGAGG	NA	NA	NA	0	0	0	1	NA	NA	NA	NA	NA
MZ230993.1_7	3557	3988	432	1	0.509	11	GGAG/GAGG	GENOMAD.226465.VP	5.059e-11	62	0	0	1	1	NA	NA	NA	PF12375	Phage protein
MZ230993.1_8	4015	4125	111	-1	0.432	11	GGA/GAG/AGG	NA	NA	NA	0	0	0	1	NA	NA	NA	NA	NA
MZ230993.1_9	4361	4567	207	-1	0.512	11	GGAG/GAGG	NA	NA	NA	0	0	0	1	NA	NA	NA	NA	NA
MZ230993.1_10	4564	4950	387	-1	0.478	11	GGAG/GAGG	NA	NA	NA	0	0	0	1	NA	NA	NA	NA	NA
MZ230993.1_11	4928	5386	459	-1	0.499	11	GGAG/GAGG	GENOMAD.205356.VP	2.459e-24	101	0	0	0	2561	Caudoviricetes	NA	NA	NA	NA
MZ230993.1_12	5325	5519	195	-1	0.487	11	GGAG/GAGG	NA	NA	NA	0	0	0	1	NA	NA	NA	NA	NA
MZ230993.1_13	5521	6228	708	-1	0.453	11	GGAGG	NA	NA	NA	0	0	0	1	NA	NA	NA	NA	NA
MZ230993.1_14	6228	6770	543	-1	0.470	11	GGAG/GAGG	NA	NA	NA	0	0	0	1	NA	NA	NA	NA	NA
MZ230993.1_15	6770	7219	450	-1	0.493	11	GGA/GAG/AGG	NA	NA	NA	0	0	0	1	NA	NA	NA	NA	NA
MZ230993.1_16	7222	7599	378	-1	0.481	11	None	GENOMAD.226774.VP	8.784e-65	216	0	0	0	1	NA	NA	NA	NA	NA
MZ230993.1_17	7580	7786	207	-1	0.527	11	AGxAGG/AGGxGG	NA	NA	NA	0	0	0	1	NA	NA	NA	NA	NA
MZ230993.1_18	7798	8046	249	-1	0.526	11	AGxAGG/AGGxGG	NA	NA	NA	0	0	0	1	NA	NA	NA	NA	NA
MZ230993.1_19	8060	8857	798	-1	0.481	11	GGA/GAG/AGG	GENOMAD.220289.VP	8.323e-26	110	0	0	1	9306	Corticoviridae	NA	NA	PF18628	Viral coat protein P2 N-terminal domain
MZ230993.1_20	9161	9835	675	-1	0.513	11	AGxAGG/AGGxGG	NA	NA	NA	0	0	0	1	NA	NA	NA	NA	NA
MZ230993.1_21	9819	10316	498	-1	0.540	11	GGxGG	NA	NA	NA	0	0	0	1	NA	NA	NA	NA	NA
MZ230993.1_22	10309	10593	285	-1	0.516	11	None	GENOMAD.189059.VV	0.0008489	39	0	0	0	9306	Corticoviridae	NA	NA	PF04606;TIGR04165	Ogr/Delta-like zinc finger
MZ230994.1_1	3	176	174	-1	0.500	11	GGAG/GAGG	NA	NA	NA	0	0	0	1	NA	NA	NA	NA	NA
MZ230994.1_2	238	414	177	-1	0.452	11	GGA/GAG/AGG	NA	NA	NA	0	0	0	1	NA	NA	NA	NA	NA
MZ230994.1_3	386	2287	1902	-1	0.443	11	GGA/GAG/AGG	GENOMAD.119594.VV	4.844e-242	756	0	0	0	9306	Corticoviridae	NA	NA	NA	NA
MZ230994.1_4	2284	2634	351	-1	0.450	11	GGAG/GAGG	NA	NA	NA	0	0	0	1	NA	NA	NA	NA	NA
MZ230994.1_5	2631	2858	228	-1	0.478	11	GGAGG	NA	NA	NA	0	0	0	1	NA	NA	NA	NA	NA
MZ230994.1_6	3007	3276	270	1	0.411	11	GGAGG	NA	NA	NA	0	0	0	1	NA	NA	NA	NA	NA
MZ230994.1_7	3557	3988	432	1	0.509	11	GGAG/GAGG	GENOMAD.226465.VP	5.059e-11	62	0	0	1	1	NA	NA	NA	PF12375	Phage protein
MZ230994.1_8	4015	4125	111	-1	0.432	11	GGA/GAG/AGG	NA	NA	NA	0	0	0	1	NA	NA	NA	NA	NA
MZ230994.1_9	4361	4567	207	-1	0.512	11	GGAG/GAGG	NA	NA	NA	0	0	0	1	NA	NA	NA	NA	NA
MZ230994.1_10	4564	4950	387	-1	0.478	11	GGAG/GAGG	NA	NA	NA	0	0	0	1	NA	NA	NA	NA	NA
MZ230994.1_11	4928	5386	459	-1	0.499	11	GGAG/GAGG	GENOMAD.205356.VP	2.459e-24	101	0	0	0	2561	Caudoviricetes	NA	NA	NA	NA
MZ230994.1_12	5325	5519	195	-1	0.487	11	GGAG/GAGG	NA	NA	NA	0	0	0	1	NA	NA	NA	NA	NA
MZ230994.1_13	5521	6228	708	-1	0.453	11	GGAGG	NA	NA	NA	0	0	0	1	NA	NA	NA	NA	NA
MZ230994.1_14	6228	6770	543	-1	0.468	11	GGAG/GAGG	NA	NA	NA	0	0	0	1	NA	NA	NA	NA	NA
MZ230994.1_15	6770	7219	450	-1	0.493	11	GGA/GAG/AGG	NA	NA	NA	0	0	0	1	NA	NA	NA	NA	NA
MZ230994.1_16	7222	7599	378	-1	0.481	11	None	GENOMAD.226774.VP	8.784e-65	216	0	0	0	1	NA	NA	NA	NA	NA
MZ230994.1_17	7580	7786	207	-1	0.527	11	AGxAGG/AGGxGG	NA	NA	NA	0	0	0	1	NA	NA	NA	NA	NA
MZ230994.1_18	7798	8046	249	-1	0.526	11	AGxAGG/AGGxGG	NA	NA	NA	0	0	0	1	NA	NA	NA	NA	NA
MZ230994.1_19	8060	8857	798	-1	0.481	11	GGA/GAG/AGG	GENOMAD.220289.VP	8.323e-26	110	0	0	1	9306	Corticoviridae	NA	NA	PF18628	Viral coat protein P2 N-terminal domain
MZ230994.1_20	9161	9835	675	-1	0.513	11	AGxAGG/AGGxGG	NA	NA	NA	0	0	0	1	NA	NA	NA	NA	NA
MZ230994.1_21	9819	10316	498	-1	0.540	11	GGxGG	NA	NA	NA	0	0	0	1	NA	NA	NA	NA	NA
MZ230994.1_22	10309	10593	285	-1	0.516	11	None	GENOMAD.189059.VV	0.0008489	39	0	0	0	9306	Corticoviridae	NA	NA	PF04606;TIGR04165	Ogr/Delta-like zinc finger
MZ230995.1_1	3	176	174	-1	0.500	11	GGAG/GAGG	NA	NA	NA	0	0	0	1	NA	NA	NA	NA	NA
MZ230995.1_2	238	414	177	-1	0.452	11	GGA/GAG/AGG	NA	NA	NA	0	0	0	1	NA	NA	NA	NA	NA
MZ230995.1_3	386	2287	1902	-1	0.443	11	GGA/GAG/AGG	GENOMAD.119594.VV	4.844e-242	756	0	0	0	9306	Corticoviridae	NA	NA	NA	NA
MZ230995.1_4	2284	2634	351	-1	0.450	11	GGAG/GAGG	NA	NA	NA	0	0	0	1	NA	NA	NA	NA	NA
MZ230995.1_5	2631	2858	228	-1	0.478	11	GGAGG	NA	NA	NA	0	0	0	1	NA	NA	NA	NA	NA
MZ230995.1_6	3007	3276	270	1	0.411	11	GGAGG	NA	NA	NA	0	0	0	1	NA	NA	NA	NA	NA
MZ230995.1_7	3557	3988	432	1	0.507	11	GGAG/GAGG	GENOMAD.226465.VP	5.059e-11	62	0	0	1	1	NA	NA	NA	PF12375	Phage protein
MZ230995.1_8	4015	4125	111	-1	0.432	11	GGA/GAG/AGG	NA	NA	NA	0	0	0	1	NA	NA	NA	NA	NA
MZ230995.1_9	4361	4567	207	-1	0.512	11	GGAG/GAGG	NA	NA	NA	0	0	0	1	NA	NA	NA	NA	NA
MZ230995.1_10	4564	4950	387	-1	0.478	11	GGAG/GAGG	NA	NA	NA	0	0	0	1	NA	NA	NA	NA	NA
MZ230995.1_11	4928	5386	459	-1	0.499	11	GGAG/GAGG	GENOMAD.205356.VP	2.459e-24	101	0	0	0	2561	Caudoviricetes	NA	NA	NA	NA
MZ230995.1_12	5325	5519	195	-1	0.487	11	GGAG/GAGG	NA	NA	NA	0	0	0	1	NA	NA	NA	NA	NA
MZ230995.1_13	5521	6228	708	-1	0.455	11	GGAGG	NA	NA	NA	0	0	0	1	NA	NA	NA	NA	NA
MZ230995.1_14	6228	6770	543	-1	0.468	11	GGAG/GAGG	NA	NA	NA	0	0	0	1	NA	NA	NA	NA	NA
MZ230995.1_15	6770	7219	450	-1	0.493	11	GGA/GAG/AGG	NA	NA	NA	0	0	0	1	NA	NA	NA	NA	NA
MZ230995.1_16	7222	7599	378	-1	0.481	11	None	GENOMAD.226774.VP	8.784e-65	216	0	0	0	1	NA	NA	NA	NA	NA
MZ230995.1_17	7580	7786	207	-1	0.527	11	AGxAGG/AGGxGG	NA	NA	NA	0	0	0	1	NA	NA	NA	NA	NA
MZ230995.1_18	7798	8046	249	-1	0.526	11	AGxAGG/AGGxGG	NA	NA	NA	0	0	0	1	NA	NA	NA	NA	NA
MZ230995.1_19	8060	8857	798	-1	0.481	11	GGA/GAG/AGG	GENOMAD.220289.VP	8.323e-26	110	0	0	1	9306	Corticoviridae	NA	NA	PF18628	Viral coat protein P2 N-terminal domain
MZ230995.1_20	9161	9835	675	-1	0.513	11	AGxAGG/AGGxGG	NA	NA	NA	0	0	0	1	NA	NA	NA	NA	NA
MZ230995.1_21	9819	10316	498	-1	0.540	11	GGxGG	NA	NA	NA	0	0	0	1	NA	NA	NA	NA	NA
MZ230995.1_22	10309	10593	285	-1	0.516	11	None	GENOMAD.189059.VV	0.0008489	39	0	0	0	9306	Corticoviridae	NA	NA	PF04606;TIGR04165	Ogr/Delta-like zinc finger
MZ230996.1_1	3	176	174	-1	0.517	11	GGAG/GAGG	NA	NA	NA	0	0	0	1	NA	NA	NA	NA	NA
MZ230996.1_2	238	414	177	-1	0.452	11	GGA/GAG/AGG	NA	NA	NA	0	0	0	1	NA	NA	NA	NA	NA
MZ230996.1_3	386	2287	1902	-1	0.439	11	None	GENOMAD.119594.VV	9.866e-243	758	0	0	0	9306	Corticoviridae	NA	NA	NA	NA
MZ230996.1_4	2287	2634	348	-1	0.445	11	GGAG/GAGG	NA	NA	NA	0	0	0	1	NA	NA	NA	NA	NA
MZ230996.1_5	2631	2858	228	-1	0.478	11	GGAGG	NA	NA	NA	0	0	0	1	NA	NA	NA	NA	NA
MZ230996.1_6	3005	3274	270	1	0.407	11	GGAGG	NA	NA	NA	0	0	0	1	NA	NA	NA	NA	NA
MZ230996.1_7	3558	3989	432	1	0.509	11	GGAG/GAGG	GENOMAD.226465.VP	5.059e-11	62	0	0	1	1	NA	NA	NA	PF12375	Phage protein
MZ230996.1_8	4016	4126	111	-1	0.432	11	GGA/GAG/AGG	NA	NA	NA	0	0	0	1	NA	NA	NA	NA	NA
MZ230996.1_9	4362	4568	207	-1	0.512	11	GGAG/GAGG	NA	NA	NA	0	0	0	1	NA	NA	NA	NA	NA
MZ230996.1_10	4565	4951	387	-1	0.478	11	GGAG/GAGG	NA	NA	NA	0	0	0	1	NA	NA	NA	NA	NA
MZ230996.1_11	4929	5387	459	-1	0.499	11	GGAG/GAGG	GENOMAD.205356.VP	2.459e-24	101	0	0	0	2561	Caudoviricetes	NA	NA	NA	NA
MZ230996.1_12	5326	5520	195	-1	0.487	11	GGAG/GAGG	NA	NA	NA	0	0	0	1	NA	NA	NA	NA	NA
MZ230996.1_13	5522	6229	708	-1	0.453	11	GGAGG	NA	NA	NA	0	0	0	1	NA	NA	NA	NA	NA
MZ230996.1_14	6229	6771	543	-1	0.468	11	GGAG/GAGG	NA	NA	NA	0	0	0	1	NA	NA	NA	NA	NA
MZ230996.1_15	6771	7220	450	-1	0.496	11	GGA/GAG/AGG	NA	NA	NA	0	0	0	1	NA	NA	NA	NA	NA
MZ230996.1_16	7223	7600	378	-1	0.481	11	None	GENOMAD.226774.VP	8.784e-65	216	0	0	0	1	NA	NA	NA	NA	NA
MZ230996.1_17	7581	7787	207	-1	0.527	11	AGxAGG/AGGxGG	NA	NA	NA	0	0	0	1	NA	NA	NA	NA	NA
MZ230996.1_18	7799	8047	249	-1	0.526	11	AGxAGG/AGGxGG	NA	NA	NA	0	0	0	1	NA	NA	NA	NA	NA
MZ230996.1_19	8061	8858	798	-1	0.481	11	GGA/GAG/AGG	GENOMAD.220289.VP	8.323e-26	110	0	0	1	9306	Corticoviridae	NA	NA	PF18628	Viral coat protein P2 N-terminal domain
MZ230996.1_20	9162	9836	675	-1	0.513	11	AGxAGG/AGGxGG	NA	NA	NA	0	0	0	1	NA	NA	NA	NA	NA
MZ230996.1_21	9820	10317	498	-1	0.530	11	GGxGG	NA	NA	NA	0	0	0	1	NA	NA	NA	NA	NA
MZ230996.1_22	10310	10594	285	-1	0.519	11	None	NA	NA	NA	0	0	0	1	NA	NA	NA	NA	NA
MZ230997.1_1	3	176	174	-1	0.517	11	GGAG/GAGG	NA	NA	NA	0	0	0	1	NA	NA	NA	NA	NA
MZ230997.1_2	238	414	177	-1	0.452	11	GGA/GAG/AGG	NA	NA	NA	0	0	0	1	NA	NA	NA	NA	NA
MZ230997.1_3	386	2287	1902	-1	0.439	11	None	GENOMAD.119594.VV	9.866e-243	758	0	0	0	9306	Corticoviridae	NA	NA	NA	NA
MZ230997.1_4	2287	2634	348	-1	0.445	11	GGAG/GAGG	NA	NA	NA	0	0	0	1	NA	NA	NA	NA	NA
MZ230997.1_5	2631	2858	228	-1	0.478	11	GGAGG	NA	NA	NA	0	0	0	1	NA	NA	NA	NA	NA
MZ230997.1_6	3005	3274	270	1	0.407	11	GGAGG	NA	NA	NA	0	0	0	1	NA	NA	NA	NA	NA
MZ230997.1_7	3558	3989	432	1	0.509	11	GGAG/GAGG	GENOMAD.226465.VP	5.059e-11	62	0	0	1	1	NA	NA	NA	PF12375	Phage protein
MZ230997.1_8	4016	4126	111	-1	0.432	11	GGA/GAG/AGG	NA	NA	NA	0	0	0	1	NA	NA	NA	NA	NA
MZ230997.1_9	4362	4568	207	-1	0.512	11	GGAG/GAGG	NA	NA	NA	0	0	0	1	NA	NA	NA	NA	NA
MZ230997.1_10	4565	4951	387	-1	0.478	11	GGAG/GAGG	NA	NA	NA	0	0	0	1	NA	NA	NA	NA	NA
MZ230997.1_11	4929	5387	459	-1	0.499	11	GGAG/GAGG	GENOMAD.205356.VP	2.459e-24	101	0	0	0	2561	Caudoviricetes	NA	NA	NA	NA
MZ230997.1_12	5326	5520	195	-1	0.487	11	GGAG/GAGG	NA	NA	NA	0	0	0	1	NA	NA	NA	NA	NA
MZ230997.1_13	5522	6229	708	-1	0.451	11	GGAGG	NA	NA	NA	0	0	0	1	NA	NA	NA	NA	NA
MZ230997.1_14	6229	6771	543	-1	0.464	11	GGAG/GAGG	NA	NA	NA	0	0	0	1	NA	NA	NA	NA	NA
MZ230997.1_15	6771	7220	450	-1	0.496	11	GGA/GAG/AGG	NA	NA	NA	0	0	0	1	NA	NA	NA	NA	NA
MZ230997.1_16	7223	7600	378	-1	0.481	11	None	GENOMAD.226774.VP	8.784e-65	216	0	0	0	1	NA	NA	NA	NA	NA
MZ230997.1_17	7581	7787	207	-1	0.527	11	AGxAGG/AGGxGG	NA	NA	NA	0	0	0	1	NA	NA	NA	NA	NA
MZ230997.1_18	7799	8047	249	-1	0.526	11	AGxAGG/AGGxGG	NA	NA	NA	0	0	0	1	NA	NA	NA	NA	NA
MZ230997.1_19	8061	8858	798	-1	0.481	11	GGA/GAG/AGG	GENOMAD.220289.VP	8.323e-26	110	0	0	1	9306	Corticoviridae	NA	NA	PF18628	Viral coat protein P2 N-terminal domain
MZ230997.1_20	9162	9836	675	-1	0.513	11	AGxAGG/AGGxGG	NA	NA	NA	0	0	0	1	NA	NA	NA	NA	NA
MZ230997.1_21	9820	10317	498	-1	0.530	11	GGxGG	NA	NA	NA	0	0	0	1	NA	NA	NA	NA	NA
MZ230997.1_22	10310	10594	285	-1	0.519	11	None	NA	NA	NA	0	0	0	1	NA	NA	NA	NA	NA
MZ230998.1_1	3	176	174	-1	0.517	11	GGAG/GAGG	NA	NA	NA	0	0	0	1	NA	NA	NA	NA	NA
MZ230998.1_2	238	414	177	-1	0.452	11	GGA/GAG/AGG	NA	NA	NA	0	0	0	1	NA	NA	NA	NA	NA
MZ230998.1_3	386	2287	1902	-1	0.440	11	None	GENOMAD.119594.VV	9.866e-243	758	0	0	0	9306	Corticoviridae	NA	NA	NA	NA
MZ230998.1_4	2287	2634	348	-1	0.445	11	GGAG/GAGG	NA	NA	NA	0	0	0	1	NA	NA	NA	NA	NA
MZ230998.1_5	2631	2858	228	-1	0.478	11	GGAGG	NA	NA	NA	0	0	0	1	NA	NA	NA	NA	NA
MZ230998.1_6	3005	3274	270	1	0.407	11	GGAGG	NA	NA	NA	0	0	0	1	NA	NA	NA	NA	NA
MZ230998.1_7	3558	3989	432	1	0.509	11	GGAG/GAGG	GENOMAD.226465.VP	5.059e-11	62	0	0	1	1	NA	NA	NA	PF12375	Phage protein
MZ230998.1_8	4016	4126	111	-1	0.432	11	GGA/GAG/AGG	NA	NA	NA	0	0	0	1	NA	NA	NA	NA	NA
MZ230998.1_9	4362	4568	207	-1	0.512	11	GGAG/GAGG	NA	NA	NA	0	0	0	1	NA	NA	NA	NA	NA
MZ230998.1_10	4565	4951	387	-1	0.478	11	GGAG/GAGG	NA	NA	NA	0	0	0	1	NA	NA	NA	NA	NA
MZ230998.1_11	4929	5387	459	-1	0.499	11	GGAG/GAGG	GENOMAD.205356.VP	2.459e-24	101	0	0	0	2561	Caudoviricetes	NA	NA	NA	NA
MZ230998.1_12	5326	5520	195	-1	0.487	11	GGAG/GAGG	NA	NA	NA	0	0	0	1	NA	NA	NA	NA	NA
MZ230998.1_13	5522	6229	708	-1	0.453	11	GGAGG	NA	NA	NA	0	0	0	1	NA	NA	NA	NA	NA
MZ230998.1_14	6229	6771	543	-1	0.468	11	GGAG/GAGG	NA	NA	NA	0	0	0	1	NA	NA	NA	NA	NA
MZ230998.1_15	6771	7220	450	-1	0.496	11	GGA/GAG/AGG	NA	NA	NA	0	0	0	1	NA	NA	NA	NA	NA
MZ230998.1_16	7223	7600	378	-1	0.481	11	None	GENOMAD.226774.VP	8.784e-65	216	0	0	0	1	NA	NA	NA	NA	NA
MZ230998.1_17	7581	7787	207	-1	0.527	11	AGxAGG/AGGxGG	NA	NA	NA	0	0	0	1	NA	NA	NA	NA	NA
MZ230998.1_18	7799	8047	249	-1	0.526	11	AGxAGG/AGGxGG	NA	NA	NA	0	0	0	1	NA	NA	NA	NA	NA
MZ230998.1_19	8061	8858	798	-1	0.481	11	GGA/GAG/AGG	GENOMAD.220289.VP	8.323e-26	110	0	0	1	9306	Corticoviridae	NA	NA	PF18628	Viral coat protein P2 N-terminal domain
MZ230998.1_20	9162	9836	675	-1	0.513	11	AGxAGG/AGGxGG	NA	NA	NA	0	0	0	1	NA	NA	NA	NA	NA
MZ230998.1_21	9820	10317	498	-1	0.530	11	GGxGG	NA	NA	NA	0	0	0	1	NA	NA	NA	NA	NA
MZ230998.1_22	10310	10594	285	-1	0.519	11	None	NA	NA	NA	0	0	0	1	NA	NA	NA	NA	NA
MZ230999.1_1	3	176	174	-1	0.517	11	GGAG/GAGG	NA	NA	NA	0	0	0	1	NA	NA	NA	NA	NA
MZ230999.1_2	238	414	177	-1	0.452	11	GGA/GAG/AGG	NA	NA	NA	0	0	0	1	NA	NA	NA	NA	NA
MZ230999.1_3	386	2287	1902	-1	0.440	11	None	GENOMAD.119594.VV	2.186e-242	757	0	0	0	9306	Corticoviridae	NA	NA	NA	NA
MZ230999.1_4	2287	2634	348	-1	0.445	11	GGAG/GAGG	NA	NA	NA	0	0	0	1	NA	NA	NA	NA	NA
MZ230999.1_5	2631	2858	228	-1	0.478	11	GGAGG	NA	NA	NA	0	0	0	1	NA	NA	NA	NA	NA
MZ230999.1_6	3005	3274	270	1	0.407	11	GGAGG	NA	NA	NA	0	0	0	1	NA	NA	NA	NA	NA
MZ230999.1_7	3558	3989	432	1	0.509	11	GGAG/GAGG	GENOMAD.226465.VP	5.059e-11	62	0	0	1	1	NA	NA	NA	PF12375	Phage protein
MZ230999.1_8	4016	4126	111	-1	0.432	11	GGA/GAG/AGG	NA	NA	NA	0	0	0	1	NA	NA	NA	NA	NA
MZ230999.1_9	4362	4568	207	-1	0.512	11	GGAG/GAGG	NA	NA	NA	0	0	0	1	NA	NA	NA	NA	NA
MZ230999.1_10	4565	4951	387	-1	0.478	11	GGAG/GAGG	NA	NA	NA	0	0	0	1	NA	NA	NA	NA	NA
MZ230999.1_11	4929	5387	459	-1	0.499	11	GGAG/GAGG	GENOMAD.205356.VP	2.459e-24	101	0	0	0	2561	Caudoviricetes	NA	NA	NA	NA
MZ230999.1_12	5326	5520	195	-1	0.487	11	GGAG/GAGG	NA	NA	NA	0	0	0	1	NA	NA	NA	NA	NA
MZ230999.1_13	5522	6229	708	-1	0.453	11	GGAGG	NA	NA	NA	0	0	0	1	NA	NA	NA	NA	NA
MZ230999.1_14	6229	6771	543	-1	0.468	11	GGAG/GAGG	NA	NA	NA	0	0	0	1	NA	NA	NA	NA	NA
MZ230999.1_15	6771	7220	450	-1	0.496	11	GGA/GAG/AGG	NA	NA	NA	0	0	0	1	NA	NA	NA	NA	NA
MZ230999.1_16	7223	7600	378	-1	0.481	11	None	GENOMAD.226774.VP	8.784e-65	216	0	0	0	1	NA	NA	NA	NA	NA
MZ230999.1_17	7581	7787	207	-1	0.527	11	AGxAGG/AGGxGG	NA	NA	NA	0	0	0	1	NA	NA	NA	NA	NA
MZ230999.1_18	7799	8047	249	-1	0.526	11	AGxAGG/AGGxGG	NA	NA	NA	0	0	0	1	NA	NA	NA	NA	NA
MZ230999.1_19	8061	8858	798	-1	0.481	11	GGA/GAG/AGG	GENOMAD.220289.VP	8.323e-26	110	0	0	1	9306	Corticoviridae	NA	NA	PF18628	Viral coat protein P2 N-terminal domain
MZ230999.1_20	9162	9836	675	-1	0.513	11	AGxAGG/AGGxGG	NA	NA	NA	0	0	0	1	NA	NA	NA	NA	NA
MZ230999.1_21	9820	10317	498	-1	0.530	11	GGxGG	NA	NA	NA	0	0	0	1	NA	NA	NA	NA	NA
MZ230999.1_22	10310	10594	285	-1	0.519	11	None	NA	NA	NA	0	0	0	1	NA	NA	NA	NA	NA
MZ231000.1_1	3	176	174	-1	0.517	11	GGAG/GAGG	NA	NA	NA	0	0	0	1	NA	NA	NA	NA	NA
MZ231000.1_2	238	414	177	-1	0.452	11	GGA/GAG/AGG	NA	NA	NA	0	0	0	1	NA	NA	NA	NA	NA
MZ231000.1_3	386	2287	1902	-1	0.440	11	None	GENOMAD.119594.VV	9.866e-243	758	0	0	0	9306	Corticoviridae	NA	NA	NA	NA
MZ231000.1_4	2287	2634	348	-1	0.443	11	GGAG/GAGG	NA	NA	NA	0	0	0	1	NA	NA	NA	NA	NA
MZ231000.1_5	2631	2858	228	-1	0.478	11	GGAGG	NA	NA	NA	0	0	0	1	NA	NA	NA	NA	NA
MZ231000.1_6	3005	3274	270	1	0.407	11	GGAGG	NA	NA	NA	0	0	0	1	NA	NA	NA	NA	NA
MZ231000.1_7	3558	3989	432	1	0.509	11	GGAG/GAGG	GENOMAD.226465.VP	5.059e-11	62	0	0	1	1	NA	NA	NA	PF12375	Phage protein
MZ231000.1_8	4016	4126	111	-1	0.432	11	GGA/GAG/AGG	NA	NA	NA	0	0	0	1	NA	NA	NA	NA	NA
MZ231000.1_9	4362	4568	207	-1	0.512	11	GGAG/GAGG	NA	NA	NA	0	0	0	1	NA	NA	NA	NA	NA
MZ231000.1_10	4565	4951	387	-1	0.478	11	GGAG/GAGG	NA	NA	NA	0	0	0	1	NA	NA	NA	NA	NA
MZ231000.1_11	4929	5387	459	-1	0.499	11	GGAG/GAGG	GENOMAD.205356.VP	2.459e-24	101	0	0	0	2561	Caudoviricetes	NA	NA	NA	NA
MZ231000.1_12	5326	5520	195	-1	0.487	11	GGAG/GAGG	NA	NA	NA	0	0	0	1	NA	NA	NA	NA	NA
MZ231000.1_13	5522	6229	708	-1	0.453	11	GGAGG	NA	NA	NA	0	0	0	1	NA	NA	NA	NA	NA
MZ231000.1_14	6229	6771	543	-1	0.468	11	GGAG/GAGG	NA	NA	NA	0	0	0	1	NA	NA	NA	NA	NA
MZ231000.1_15	6771	7220	450	-1	0.496	11	GGA/GAG/AGG	NA	NA	NA	0	0	0	1	NA	NA	NA	NA	NA
MZ231000.1_16	7223	7600	378	-1	0.481	11	None	GENOMAD.226774.VP	8.784e-65	216	0	0	0	1	NA	NA	NA	NA	NA
MZ231000.1_17	7581	7787	207	-1	0.527	11	AGxAGG/AGGxGG	NA	NA	NA	0	0	0	1	NA	NA	NA	NA	NA
MZ231000.1_18	7799	8047	249	-1	0.526	11	AGxAGG/AGGxGG	NA	NA	NA	0	0	0	1	NA	NA	NA	NA	NA
MZ231000.1_19	8061	8858	798	-1	0.481	11	GGA/GAG/AGG	GENOMAD.220289.VP	8.323e-26	110	0	0	1	9306	Corticoviridae	NA	NA	PF18628	Viral coat protein P2 N-terminal domain
MZ231000.1_20	9162	9836	675	-1	0.513	11	AGxAGG/AGGxGG	NA	NA	NA	0	0	0	1	NA	NA	NA	NA	NA
MZ231000.1_21	9820	10317	498	-1	0.530	11	GGxGG	NA	NA	NA	0	0	0	1	NA	NA	NA	NA	NA
MZ231000.1_22	10310	10594	285	-1	0.519	11	None	NA	NA	NA	0	0	0	1	NA	NA	NA	NA	NA
MZ231001.1_1	3	173	171	-1	0.509	11	GGAG/GAGG	NA	NA	NA	0	0	0	1	NA	NA	NA	NA	NA
MZ231001.1_2	234	410	177	-1	0.458	11	GGA/GAG/AGG	NA	NA	NA	0	0	0	1	NA	NA	NA	NA	NA
MZ231001.1_3	382	2283	1902	-1	0.441	11	GGA/GAG/AGG	GENOMAD.119594.VV	2.186e-242	757	0	0	0	9306	Corticoviridae	NA	NA	NA	NA
MZ231001.1_4	2280	2633	354	-1	0.407	11	GGAG/GAGG	NA	NA	NA	0	0	0	1	NA	NA	NA	NA	NA
MZ231001.1_5	2630	2857	228	-1	0.496	11	GGAGG	NA	NA	NA	0	0	0	1	NA	NA	NA	NA	NA
MZ231001.1_6	3004	3273	270	1	0.407	11	GGAGG	NA	NA	NA	0	0	0	1	NA	NA	NA	NA	NA
MZ231001.1_7	3557	3988	432	1	0.509	11	GGAG/GAGG	GENOMAD.226465.VP	5.059e-11	62	0	0	1	1	NA	NA	NA	PF12375	Phage protein
MZ231001.1_8	4015	4125	111	-1	0.432	11	GGA/GAG/AGG	NA	NA	NA	0	0	0	1	NA	NA	NA	NA	NA
MZ231001.1_9	4361	4567	207	-1	0.512	11	GGAG/GAGG	NA	NA	NA	0	0	0	1	NA	NA	NA	NA	NA
MZ231001.1_10	4564	4950	387	-1	0.478	11	GGAG/GAGG	NA	NA	NA	0	0	0	1	NA	NA	NA	NA	NA
MZ231001.1_11	4928	5386	459	-1	0.499	11	GGAG/GAGG	GENOMAD.205356.VP	2.459e-24	101	0	0	0	2561	Caudoviricetes	NA	NA	NA	NA
MZ231001.1_12	5325	5519	195	-1	0.487	11	GGAG/GAGG	NA	NA	NA	0	0	0	1	NA	NA	NA	NA	NA
MZ231001.1_13	5521	6228	708	-1	0.456	11	GGAGG	NA	NA	NA	0	0	0	1	NA	NA	NA	NA	NA
MZ231001.1_14	6228	6770	543	-1	0.471	11	GGAG/GAGG	NA	NA	NA	0	0	0	1	NA	NA	NA	NA	NA
MZ231001.1_15	6770	7219	450	-1	0.491	11	GGA/GAG/AGG	NA	NA	NA	0	0	0	1	NA	NA	NA	NA	NA
MZ231001.1_16	7222	7599	378	-1	0.481	11	None	GENOMAD.226774.VP	8.784e-65	216	0	0	0	1	NA	NA	NA	NA	NA
MZ231001.1_17	7580	7786	207	-1	0.527	11	AGxAGG/AGGxGG	NA	NA	NA	0	0	0	1	NA	NA	NA	NA	NA
MZ231001.1_18	7798	8046	249	-1	0.526	11	AGxAGG/AGGxGG	NA	NA	NA	0	0	0	1	NA	NA	NA	NA	NA
MZ231001.1_19	8060	8857	798	-1	0.481	11	GGA/GAG/AGG	GENOMAD.220289.VP	8.323e-26	110	0	0	1	9306	Corticoviridae	NA	NA	PF18628	Viral coat protein P2 N-terminal domain
MZ231001.1_20	9161	9835	675	-1	0.513	11	AGxAGG/AGGxGG	NA	NA	NA	0	0	0	1	NA	NA	NA	NA	NA
MZ231001.1_21	9819	10316	498	-1	0.536	11	GGxGG	NA	NA	NA	0	0	0	1	NA	NA	NA	NA	NA
MZ231001.1_22	10309	10593	285	-1	0.516	11	None	GENOMAD.189059.VV	0.0008489	39	0	0	0	9306	Corticoviridae	NA	NA	PF04606;TIGR04165	Ogr/Delta-like zinc finger
NC_042121.1_1	77	550	474	-1	0.416	11	GGA/GAG/AGG	GENOMAD.225439.VP	1.753e-89	289	0	0	0	9306	Corticoviridae	NA	NA	PF12375;PF13411	Phage protein; MerR HTH family regulatory protein
NC_042121.1_2	850	1128	279	-1	0.416	11	GGA/GAG/AGG	GENOMAD.176390.VV	1.844e-33	124	0	0	0	9306	Corticoviridae	NA	NA	NA	NA
NC_042121.1_3	1359	1583	225	1	0.369	11	GGA/GAG/AGG	NA	NA	NA	0	0	0	1	NA	NA	NA	NA	NA
NC_042121.1_4	1580	1846	267	1	0.393	11	None	NA	NA	NA	0	0	0	1	NA	NA	NA	NA	NA
NC_042121.1_5	1839	3743	1905	1	0.422	11	GGA/GAG/AGG	NA	NA	NA	0	0	0	1	NA	NA	NA	NA	NA
NC_042121.1_6	3740	3934	195	1	0.431	11	GGA/GAG/AGG	NA	NA	NA	0	0	0	1	NA	NA	NA	NA	NA
NC_042121.1_7	3931	4236	306	1	0.422	11	None	GENOMAD.189059.VV	4.534e-52	178	0	0	0	9306	Corticoviridae	NA	NA	PF04606;TIGR04165	Ogr/Delta-like zinc finger
NC_042121.1_8	4236	4667	432	1	0.456	11	GGA/GAG/AGG	GENOMAD.205078.VV	1.212e-19	87	0	0	0	9306	Corticoviridae	NA	NA	NA	NA
NC_042121.1_9	4639	5295	657	1	0.444	11	GGA/GAG/AGG	GENOMAD.220705.VP	7.057e-16	79	0	0	0	9306	Corticoviridae	NA	NA	PF03266;COG1618;TIGR04569	NTPase
NC_042121.1_10	5547	6356	810	1	0.410	11	GGAG/GAGG	GENOMAD.220289.VP	1.155e-69	238	0	0	1	9306	Corticoviridae	NA	NA	PF18628	Viral coat protein P2 N-terminal domain
NC_042121.1_11	6369	6683	315	1	0.483	11	GGxGG	NA	NA	NA	0	0	0	1	NA	NA	NA	NA	NA
NC_042121.1_12	6683	6805	123	1	0.472	11	GGAG/GAGG	NA	NA	NA	0	0	0	1	NA	NA	NA	NA	NA
NC_042121.1_13	6805	7032	228	1	0.522	11	GGA/GAG/AGG	GENOMAD.227653.VP	1.629e-19	83	0	0	0	9306	Corticoviridae	NA	NA	NA	NA
NC_042121.1_14	7103	7978	876	1	0.455	11	None	GENOMAD.157741.VV	1.603e-139	441	0	0	0	9306	Corticoviridae	NA	NA	NA	NA
NC_042121.1_15	7982	9430	1449	1	0.402	11	GGAG/GAGG	NA	NA	NA	0	0	0	1	NA	NA	NA	NA	NA
NC_042121.1_16	9430	9912	483	1	0.443	11	GGAG/GAGG	GENOMAD.198197.VP	3.34e-24	101	0	0	0	2561	Caudoviricetes	NA	NA	NA	NA
NC_042121.1_17	9905	10288	384	1	0.419	11	GGxGG	NA	NA	NA	0	0	0	1	NA	NA	NA	NA	NA
NC_042121.1_18	10285	10446	162	1	0.352	11	None	NA	NA	NA	0	0	0	1	NA	NA	NA	NA	NA
NC_042121.1_19	10427	10582	156	1	0.327	11	GGAG/GAGG	NA	NA	NA	0	0	0	1	NA	NA	NA	NA	NA
MH730557.1_1	3	176	174	-1	0.517	11	GGAG/GAGG	NA	NA	NA	0	0	0	1	NA	NA	NA	NA	NA
MH730557.1_2	238	414	177	-1	0.452	11	GGA/GAG/AGG	NA	NA	NA	0	0	0	1	NA	NA	NA	NA	NA
MH730557.1_3	386	2287	1902	-1	0.439	11	None	GENOMAD.119594.VV	9.866e-243	758	0	0	0	9306	Corticoviridae	NA	NA	NA	NA
MH730557.1_4	2287	2634	348	-1	0.445	11	GGAG/GAGG	NA	NA	NA	0	0	0	1	NA	NA	NA	NA	NA
MH730557.1_5	2631	2858	228	-1	0.478	11	GGAGG	NA	NA	NA	0	0	0	1	NA	NA	NA	NA	NA
MH730557.1_6	3005	3274	270	1	0.407	11	GGAGG	NA	NA	NA	0	0	0	1	NA	NA	NA	NA	NA
MH730557.1_7	3558	3989	432	1	0.509	11	GGAG/GAGG	GENOMAD.226465.VP	5.059e-11	62	0	0	1	1	NA	NA	NA	PF12375	Phage protein
MH730557.1_8	4016	4126	111	-1	0.432	11	GGA/GAG/AGG	NA	NA	NA	0	0	0	1	NA	NA	NA	NA	NA
MH730557.1_9	4362	4568	207	-1	0.512	11	GGAG/GAGG	NA	NA	NA	0	0	0	1	NA	NA	NA	NA	NA
MH730557.1_10	4565	4951	387	-1	0.478	11	GGAG/GAGG	NA	NA	NA	0	0	0	1	NA	NA	NA	NA	NA
MH730557.1_11	4929	5387	459	-1	0.499	11	GGAG/GAGG	GENOMAD.205356.VP	2.459e-24	101	0	0	0	2561	Caudoviricetes	NA	NA	NA	NA
MH730557.1_12	5326	5520	195	-1	0.487	11	GGAG/GAGG	NA	NA	NA	0	0	0	1	NA	NA	NA	NA	NA
MH730557.1_13	5522	6229	708	-1	0.452	11	GGAGG	NA	NA	NA	0	0	0	1	NA	NA	NA	NA	NA
MH730557.1_14	6229	6771	543	-1	0.466	11	GGAG/GAGG	NA	NA	NA	0	0	0	1	NA	NA	NA	NA	NA
MH730557.1_15	6771	7220	450	-1	0.496	11	GGA/GAG/AGG	NA	NA	NA	0	0	0	1	NA	NA	NA	NA	NA
MH730557.1_16	7223	7600	378	-1	0.481	11	None	GENOMAD.226774.VP	8.784e-65	216	0	0	0	1	NA	NA	NA	NA	NA
MH730557.1_17	7581	7787	207	-1	0.527	11	AGxAGG/AGGxGG	NA	NA	NA	0	0	0	1	NA	NA	NA	NA	NA
MH730557.1_18	7799	8047	249	-1	0.526	11	AGxAGG/AGGxGG	NA	NA	NA	0	0	0	1	NA	NA	NA	NA	NA
MH730557.1_19	8061	8858	798	-1	0.481	11	GGA/GAG/AGG	GENOMAD.220289.VP	8.323e-26	110	0	0	1	9306	Corticoviridae	NA	NA	PF18628	Viral coat protein P2 N-terminal domain
MH730557.1_20	9162	9836	675	-1	0.513	11	AGxAGG/AGGxGG	NA	NA	NA	0	0	0	1	NA	NA	NA	NA	NA
MH730557.1_21	9820	10317	498	-1	0.530	11	GGxGG	NA	NA	NA	0	0	0	1	NA	NA	NA	NA	NA
MH730557.1_22	10310	10594	285	-1	0.519	11	None	NA	NA	NA	0	0	0	1	NA	NA	NA	NA	NA
MH105080.1_1	294	650	357	-1	0.557	11	GGAG/GAGG	GENOMAD.061181.VV	1.502e-23	97	0	0	0	8278	Ackermannviridae	NA	NA	PF11351	NA
MH105080.1_2	655	831	177	-1	0.616	11	None	NA	NA	NA	0	0	0	1	NA	NA	NA	NA	NA
MH105080.1_3	828	1109	282	-1	0.613	11	GGA/GAG/AGG	NA	NA	NA	0	0	0	1	NA	NA	NA	NA	NA
MH105080.1_4	1106	1267	162	-1	0.611	11	AGGA	NA	NA	NA	0	0	0	1	NA	NA	NA	NA	NA
MH105080.1_5	1272	1889	618	-1	0.592	11	GGxGG	GENOMAD.194903.CP	1.135e-06	51	0	0	0	1	NA	NA	NA	PF19489;COG4764	Transglycosylase SLT domain
MH105080.1_6	1889	2725	837	-1	0.541	11	GGA/GAG/AGG	NA	NA	NA	0	0	0	1	NA	NA	NA	NA	NA
MH105080.1_7	2728	3252	525	-1	0.556	11	AGxAGG/AGGxGG	NA	NA	NA	0	0	0	1	NA	NA	NA	NA	NA
MH105080.1_8	3242	3655	414	-1	0.577	11	GGA/GAG/AGG	NA	NA	NA	0	0	0	1	NA	NA	NA	NA	NA
MH105080.1_9	3652	3876	225	-1	0.573	11	GGAG/GAGG	NA	NA	NA	0	0	0	1	NA	NA	NA	NA	NA
MH105080.1_10	3881	4204	324	-1	0.593	11	GGA/GAG/AGG	NA	NA	NA	0	0	0	1	NA	NA	NA	NA	NA
MH105080.1_11	4273	5232	960	-1	0.532	11	AGGAG	NA	NA	NA	0	0	0	1	NA	NA	NA	NA	NA
MH105080.1_12	5243	5353	111	-1	0.468	11	GGA/GAG/AGG	NA	NA	NA	0	0	0	1	NA	NA	NA	NA	NA
MH105080.1_13	5525	5890	366	1	0.563	11	GGAG/GAGG	NA	NA	NA	0	0	0	1	NA	NA	NA	NA	NA
MH105080.1_14	5894	6388	495	1	0.630	11	GGAG/GAGG	NA	NA	NA	0	0	0	1	NA	NA	NA	NA	NA
MH105080.1_15	6385	6936	552	1	0.632	11	AGGA	NA	NA	NA	0	0	0	1	NA	NA	NA	NA	NA
MH105080.1_16	6942	7421	480	1	0.637	11	GGAG/GAGG	GENOMAD.143084.VV	3.762e-11	63	0	0	0	2561	Caudoviricetes	NA	NA	PF08291;COG3108;K08640	Peptidase M15
MH105080.1_17	7423	7659	237	1	0.603	11	GGA/GAG/AGG	GENOMAD.182646.VP	3.274e-14	68	0	0	0	2561	Caudoviricetes	NA	NA	NA	NA
MH105080.1_18	7613	8272	660	1	0.564	11	GGA/GAG/AGG	NA	NA	NA	0	0	0	1	NA	NA	NA	NA	NA
MH105080.1_19	8084	8578	495	-1	0.554	11	GGxGG	NA	NA	NA	0	0	0	1	NA	NA	NA	NA	NA
MH105080.1_20	8575	8826	252	-1	0.552	11	None	NA	NA	NA	0	0	0	1	NA	NA	NA	NA	NA
MG966533.1_1	77	550	474	-1	0.416	11	GGA/GAG/AGG	GENOMAD.225439.VP	1.753e-89	289	0	0	0	9306	Corticoviridae	NA	NA	PF12375;PF13411	Phage protein; MerR HTH family regulatory protein
MG966533.1_2	850	1128	279	-1	0.416	11	GGA/GAG/AGG	GENOMAD.176390.VV	1.844e-33	124	0	0	0	9306	Corticoviridae	NA	NA	NA	NA
MG966533.1_3	1359	1583	225	1	0.369	11	GGA/GAG/AGG	NA	NA	NA	0	0	0	1	NA	NA	NA	NA	NA
MG966533.1_4	1580	1846	267	1	0.393	11	None	NA	NA	NA	0	0	0	1	NA	NA	NA	NA	NA
MG966533.1_5	1839	3743	1905	1	0.422	11	GGA/GAG/AGG	NA	NA	NA	0	0	0	1	NA	NA	NA	NA	NA
MG966533.1_6	3740	3934	195	1	0.431	11	GGA/GAG/AGG	NA	NA	NA	0	0	0	1	NA	NA	NA	NA	NA
MG966533.1_7	3931	4236	306	1	0.422	11	None	GENOMAD.189059.VV	4.534e-52	178	0	0	0	9306	Corticoviridae	NA	NA	PF04606;TIGR04165	Ogr/Delta-like zinc finger
MG966533.1_8	4236	4667	432	1	0.456	11	GGA/GAG/AGG	GENOMAD.205078.VV	1.212e-19	87	0	0	0	9306	Corticoviridae	NA	NA	NA	NA
MG966533.1_9	4639	5295	657	1	0.444	11	GGA/GAG/AGG	GENOMAD.220705.VP	7.057e-16	79	0	0	0	9306	Corticoviridae	NA	NA	PF03266;COG1618;TIGR04569	NTPase
MG966533.1_10	5547	6356	810	1	0.410	11	GGAG/GAGG	GENOMAD.220289.VP	1.155e-69	238	0	0	1	9306	Corticoviridae	NA	NA	PF18628	Viral coat protein P2 N-terminal domain
MG966533.1_11	6369	6683	315	1	0.483	11	GGxGG	NA	NA	NA	0	0	0	1	NA	NA	NA	NA	NA
MG966533.1_12	6683	6805	123	1	0.472	11	GGAG/GAGG	NA	NA	NA	0	0	0	1	NA	NA	NA	NA	NA
MG966533.1_13	6805	7032	228	1	0.522	11	GGA/GAG/AGG	GENOMAD.227653.VP	1.629e-19	83	0	0	0	9306	Corticoviridae	NA	NA	NA	NA
MG966533.1_14	7103	7978	876	1	0.455	11	None	GENOMAD.157741.VV	1.603e-139	441	0	0	0	9306	Corticoviridae	NA	NA	NA	NA
MG966533.1_15	7982	9430	1449	1	0.402	11	GGAG/GAGG	NA	NA	NA	0	0	0	1	NA	NA	NA	NA	NA
MG966533.1_16	9430	9912	483	1	0.443	11	GGAG/GAGG	GENOMAD.198197.VP	3.34e-24	101	0	0	0	2561	Caudoviricetes	NA	NA	NA	NA
MG966533.1_17	9905	10288	384	1	0.419	11	GGxGG	NA	NA	NA	0	0	0	1	NA	NA	NA	NA	NA
MG966533.1_18	10285	10446	162	1	0.352	11	None	NA	NA	NA	0	0	0	1	NA	NA	NA	NA	NA
MG966533.1_19	10427	10582	156	1	0.327	11	GGAG/GAGG	NA	NA	NA	0	0	0	1	NA	NA	NA	NA	NA
NC_000867.1_1	77	550	474	-1	0.418	11	GGA/GAG/AGG	GENOMAD.225439.VP	9.555e-88	284	0	0	0	9306	Corticoviridae	NA	NA	PF12375;PF13411	Phage protein; MerR HTH family regulatory protein
NC_000867.1_2	850	1128	279	-1	0.391	11	GGA/GAG/AGG	GENOMAD.176390.VV	8.267e-34	125	0	0	0	9306	Corticoviridae	NA	NA	NA	NA
NC_000867.1_3	1359	1583	225	1	0.387	11	GGA/GAG/AGG	NA	NA	NA	0	0	0	1	NA	NA	NA	NA	NA
NC_000867.1_4	1580	1822	243	1	0.428	11	None	NA	NA	NA	0	0	0	1	NA	NA	NA	NA	NA
NC_000867.1_5	1815	3719	1905	1	0.417	11	GGA/GAG/AGG	NA	NA	NA	0	0	0	1	NA	NA	NA	NA	NA
NC_000867.1_6	3716	3910	195	1	0.410	11	GGA/GAG/AGG	NA	NA	NA	0	0	0	1	NA	NA	NA	NA	NA
NC_000867.1_7	3907	4212	306	1	0.438	11	None	GENOMAD.189059.VV	2.251e-51	176	0	0	0	9306	Corticoviridae	NA	NA	PF04606;TIGR04165	Ogr/Delta-like zinc finger
NC_000867.1_8	4212	4643	432	1	0.454	11	GGA/GAG/AGG	GENOMAD.205078.VV	2.465e-20	89	0	0	0	9306	Corticoviridae	NA	NA	NA	NA
NC_000867.1_9	4615	5271	657	1	0.443	11	GGA/GAG/AGG	GENOMAD.220705.VP	7.057e-16	79	0	0	0	9306	Corticoviridae	NA	NA	PF03266;COG1618;TIGR04569	NTPase
NC_000867.1_10	5523	6332	810	1	0.407	11	GGAG/GAGG	GENOMAD.220289.VP	9.769e-72	244	0	0	1	9306	Corticoviridae	NA	NA	PF18628	Viral coat protein P2 N-terminal domain
NC_000867.1_11	6345	6659	315	1	0.451	11	GGxGG	NA	NA	NA	0	0	0	1	NA	NA	NA	NA	NA
NC_000867.1_12	6659	6781	123	1	0.463	11	GGAG/GAGG	NA	NA	NA	0	0	0	1	NA	NA	NA	NA	NA
NC_000867.1_13	6781	7008	228	1	0.513	11	GGA/GAG/AGG	GENOMAD.227653.VP	1.629e-19	83	0	0	0	9306	Corticoviridae	NA	NA	NA	NA
NC_000867.1_14	7079	7918	840	1	0.448	11	None	GENOMAD.157741.VV	1.15e-154	484	0	0	0	9306	Corticoviridae	NA	NA	NA	NA
NC_000867.1_15	7918	8925	1008	1	0.428	11	GGA/GAG/AGG	NA	NA	NA	0	0	0	1	NA	NA	NA	NA	NA
NC_000867.1_16	8925	9407	483	1	0.447	11	GGAG/GAGG	GENOMAD.198197.VP	7.4e-24	100	0	0	0	2561	Caudoviricetes	NA	NA	NA	NA
NC_000867.1_17	9400	9783	384	1	0.430	11	GGxGG	NA	NA	NA	0	0	0	1	NA	NA	NA	NA	NA
NC_000867.1_18	9780	9941	162	1	0.364	11	None	NA	NA	NA	0	0	0	1	NA	NA	NA	NA	NA
NC_000867.1_19	9922	10077	156	1	0.333	11	GGA/GAG/AGG	NA	NA	NA	0	0	0	1	NA	NA	NA	NA	NA
AF155037.1_1	77	550	474	-1	0.418	11	GGA/GAG/AGG	GENOMAD.225439.VP	9.555e-88	284	0	0	0	9306	Corticoviridae	NA	NA	PF12375;PF13411	Phage protein; MerR HTH family regulatory protein
AF155037.1_2	850	1128	279	-1	0.391	11	GGA/GAG/AGG	GENOMAD.176390.VV	8.267e-34	125	0	0	0	9306	Corticoviridae	NA	NA	NA	NA
AF155037.1_3	1359	1583	225	1	0.387	11	GGA/GAG/AGG	NA	NA	NA	0	0	0	1	NA	NA	NA	NA	NA
AF155037.1_4	1580	1822	243	1	0.428	11	None	NA	NA	NA	0	0	0	1	NA	NA	NA	NA	NA
AF155037.1_5	1815	3719	1905	1	0.417	11	GGA/GAG/AGG	NA	NA	NA	0	0	0	1	NA	NA	NA	NA	NA
AF155037.1_6	3716	3910	195	1	0.410	11	GGA/GAG/AGG	NA	NA	NA	0	0	0	1	NA	NA	NA	NA	NA
AF155037.1_7	3907	4212	306	1	0.438	11	None	GENOMAD.189059.VV	2.251e-51	176	0	0	0	9306	Corticoviridae	NA	NA	PF04606;TIGR04165	Ogr/Delta-like zinc finger
AF155037.1_8	4212	4643	432	1	0.454	11	GGA/GAG/AGG	GENOMAD.205078.VV	2.465e-20	89	0	0	0	9306	Corticoviridae	NA	NA	NA	NA
AF155037.1_9	4615	5271	657	1	0.443	11	GGA/GAG/AGG	GENOMAD.220705.VP	7.057e-16	79	0	0	0	9306	Corticoviridae	NA	NA	PF03266;COG1618;TIGR04569	NTPase
AF155037.1_10	5523	6332	810	1	0.407	11	GGAG/GAGG	GENOMAD.220289.VP	9.769e-72	244	0	0	1	9306	Corticoviridae	NA	NA	PF18628	Viral coat protein P2 N-terminal domain
AF155037.1_11	6345	6659	315	1	0.451	11	GGxGG	NA	NA	NA	0	0	0	1	NA	NA	NA	NA	NA
AF155037.1_12	6659	6781	123	1	0.463	11	GGAG/GAGG	NA	NA	NA	0	0	0	1	NA	NA	NA	NA	NA
AF155037.1_13	6781	7008	228	1	0.513	11	GGA/GAG/AGG	GENOMAD.227653.VP	1.629e-19	83	0	0	0	9306	Corticoviridae	NA	NA	NA	NA
AF155037.1_14	7079	7918	840	1	0.448	11	None	GENOMAD.157741.VV	1.15e-154	484	0	0	0	9306	Corticoviridae	NA	NA	NA	NA
AF155037.1_15	7918	8925	1008	1	0.428	11	GGA/GAG/AGG	NA	NA	NA	0	0	0	1	NA	NA	NA	NA	NA
AF155037.1_16	8925	9407	483	1	0.447	11	GGAG/GAGG	GENOMAD.198197.VP	7.4e-24	100	0	0	0	2561	Caudoviricetes	NA	NA	NA	NA
AF155037.1_17	9400	9783	384	1	0.430	11	GGxGG	NA	NA	NA	0	0	0	1	NA	NA	NA	NA	NA
AF155037.1_18	9780	9941	162	1	0.364	11	None	NA	NA	NA	0	0	0	1	NA	NA	NA	NA	NA
AF155037.1_19	9922	10077	156	1	0.333	11	GGA/GAG/AGG	NA	NA	NA	0	0	0	1	NA	NA	NA	NA	NA
